Periodo,Pioggia(mm)
01/01/2001,0.1
01/02/2001,3.8
01/03/2001,11.4
01/04/2001,15.6
01/05/2001,5.2
01/06/2001,15.8
01/07/2001,8.4
01/08/2001,0.0
01/09/2001,0.4
01/10/2001,3.8
01/11/2001,0.4
01/12/2001,10.2
01/13/2001,8.0
01/14/2001,0.0
01/15/2001,0.0
01/16/2001,0.0
01/17/2001,0.0
01/18/2001,4.0
01/19/2001,0.0
01/20/2001,0.0
01/21/2001,0.0
01/22/2001,1.0
01/23/2001,4.4
01/24/2001,19.0
01/25/2001,0.0
01/26/2001,0.0
01/27/2001,5.4
01/28/2001,0.0
01/29/2001,0.0
01/30/2001,0.0
01/31/2001,0.0
02/01/2001,0.0
02/02/2001,0.0
02/03/2001,0.2
02/04/2001,0.0
02/05/2001,0.2
02/06/2001,4.6
02/07/2001,2.2
02/08/2001,11.6
02/09/2001,0.6
02/10/2001,0.0
02/11/2001,0.0
02/12/2001,0.0
02/13/2001,0.0
02/14/2001,0.0
02/15/2001,0.0
02/16/2001,0.0
02/17/2001,0.0
02/18/2001,0.0
02/19/2001,0.0
02/20/2001,0.0
02/21/2001,0.0
02/22/2001,0.0
02/23/2001,0.2
02/24/2001,0.0
02/25/2001,0.0
02/26/2001,0.0
02/27/2001,1.0
02/28/2001,1.8
03/01/2001,0.0
03/02/2001,0.0
03/03/2001,2.4
03/04/2001,4.8
03/05/2001,1.0
03/06/2001,0.0
03/07/2001,0.0
03/08/2001,61.4
03/09/2001,10.6
03/10/2001,0.0
03/11/2001,0.0
03/12/2001,6.4
03/13/2001,5.6
03/14/2001,0.0
03/15/2001,0.0
03/16/2001,0.0
03/17/2001,38.2
03/18/2001,0.0
03/19/2001,0.0
03/20/2001,0.0
03/21/2001,0.6
03/22/2001,1.0
03/23/2001,0.0
03/24/2001,0.0
03/25/2001,0.0
03/26/2001,0.0
03/27/2001,0.0
03/28/2001,14.0
03/29/2001,15.4
03/30/2001,17.6
03/31/2001,0.0
04/01/2001,0.0
04/02/2001,0.2
04/03/2001,0.0
04/04/2001,0.0
04/05/2001,3.0
04/06/2001,0.0
04/07/2001,12.4
04/08/2001,0.2
04/09/2001,0.0
04/10/2001,0.0
04/11/2001,0.0
04/12/2001,0.0
04/13/2001,0.0
04/14/2001,0.0
04/15/2001,0.0
04/16/2001,4.5
04/17/2001,0.2
04/18/2001,0.6
04/19/2001,13.4
04/20/2001,9.6
04/21/2001,3.4
04/22/2001,0.0
04/23/2001,0.0
04/24/2001,0.0
04/25/2001,0.0
04/26/2001,0.0
04/27/2001,0.0
04/28/2001,0.0
04/29/2001,0.0
04/30/2001,0.8
05/01/2001,0.0
05/02/2001,0.0
05/03/2001,1.4
05/04/2001,26.6
05/05/2001,18.0
05/06/2001,3.8
05/07/2001,1.6
05/08/2001,13.4
05/09/2001,1.0
05/10/2001,1.4
05/11/2001,1.0
05/12/2001,0.0
05/13/2001,0.0
05/14/2001,0.2
05/15/2001,13.2
05/16/2001,10.6
05/17/2001,0.8
05/18/2001,0.0
05/19/2001,0.0
05/20/2001,0.0
05/21/2001,9.2
05/22/2001,0.0
05/23/2001,0.0
05/24/2001,0.6
05/25/2001,56.0
05/26/2001,0.0
05/27/2001,0.0
05/28/2001,0.0
05/29/2001,0.0
05/30/2001,0.0
05/31/2001,0.0
06/01/2001,0.0
06/02/2001,23.0
06/03/2001,0.6
06/04/2001,0.0
06/05/2001,0.0
06/06/2001,3.0
06/07/2001,0.0
06/08/2001,0.0
06/09/2001,0.2
06/10/2001,0.2
06/11/2001,3.6
06/12/2001,0.0
06/13/2001,0.0
06/14/2001,0.0
06/15/2001,0.0
06/16/2001,1.8
06/17/2001,12.4
06/18/2001,0.2
06/19/2001,0.0
06/20/2001,0.0
06/21/2001,0.0
06/22/2001,0.0
06/23/2001,0.0
06/24/2001,0.0
06/25/2001,0.0
06/26/2001,0.0
06/27/2001,0.0
06/28/2001,7.0
06/29/2001,0.0
06/30/2001,0.0
07/01/2001,0.0
07/02/2001,0.0
07/03/2001,0.0
07/04/2001,0.0
07/05/2001,0.0
07/06/2001,0.0
07/07/2001,5.6
07/08/2001,0.0
07/09/2001,0.0
07/10/2001,32.6
07/11/2001,0.2
07/12/2001,0.0
07/13/2001,2.8
07/14/2001,2.2
07/15/2001,17.2
07/16/2001,4.4
07/17/2001,1.2
07/18/2001,2.1
07/19/2001,15.2
07/20/2001,1.6
07/21/2001,0.0
07/22/2001,0.0
07/23/2001,0.0
07/24/2001,1.8
07/25/2001,0.0
07/26/2001,0.0
07/27/2001,0.0
07/28/2001,0.0
07/29/2001,0.0
07/30/2001,0.0
07/31/2001,0.0
08/01/2001,0.0
08/02/2001,0.0
08/03/2001,0.0
08/04/2001,2.8
08/05/2001,6.2
08/06/2001,0.0
08/07/2001,0.0
08/08/2001,2.4
08/09/2001,3.6
08/10/2001,0.0
08/11/2001,0.0
08/12/2001,0.0
08/13/2001,0.0
08/14/2001,0.0
08/15/2001,0.0
08/16/2001,0.0
08/17/2001,0.0
08/18/2001,0.0
08/19/2001,0.0
08/20/2001,8.8
08/21/2001,0.0
08/22/2001,0.0
08/23/2001,0.0
08/24/2001,0.0
08/25/2001,0.0
08/26/2001,0.0
08/27/2001,0.0
08/28/2001,0.0
08/29/2001,0.0
08/30/2001,43.8
08/31/2001,6.6
09/01/2001,17.8
09/02/2001,0.1
09/03/2001,0.0
09/04/2001,0.2
09/05/2001,0.2
09/06/2001,0.0
09/07/2001,0.0
09/08/2001,0.0
09/09/2001,0.0
09/10/2001,0.0
09/11/2001,0.0
09/12/2001,0.0
09/13/2001,0.0
09/14/2001,12.6
09/15/2001,0.2
09/16/2001,0.0
09/17/2001,0.0
09/18/2001,0.0
09/19/2001,1.0
09/20/2001,0.0
09/21/2001,0.0
09/22/2001,1.6
09/23/2001,26.8
09/24/2001,0.2
09/25/2001,2.0
09/26/2001,0.0
09/27/2001,0.0
09/28/2001,0.0
09/29/2001,1.2
09/30/2001,1.2
10/01/2001,0.0
10/02/2001,0.0
10/03/2001,0.2
10/04/2001,12.4
10/05/2001,0.2
10/06/2001,0.6
10/07/2001,5.6
10/08/2001,0.0
10/09/2001,0.0
10/10/2001,2.4
10/11/2001,0.0
10/12/2001,0.0
10/13/2001,0.0
10/14/2001,0.0
10/15/2001,0.0
10/16/2001,0.0
10/17/2001,0.0
10/18/2001,0.0
10/19/2001,0.0
10/20/2001,37.4
10/21/2001,5.2
10/22/2001,0.0
10/23/2001,0.0
10/24/2001,0.2
10/25/2001,0.0
10/26/2001,0.0
10/27/2001,0.0
10/28/2001,0.0
10/29/2001,0.0
10/30/2001,0.2
10/31/2001,0.0
11/01/2001,0.0
11/02/2001,0.0
11/03/2001,0.0
11/04/2001,0.0
11/05/2001,0.0
11/06/2001,0.0
11/07/2001,0.0
11/08/2001,0.0
11/09/2001,15.0
11/10/2001,0.2
11/11/2001,10.8
11/12/2001,1.0
11/13/2001,0.4
11/14/2001,1.4
11/15/2001,0.0
11/16/2001,0.0
11/17/2001,0.0
11/18/2001,0.0
11/19/2001,0.6
11/20/2001,0.0
11/21/2001,0.0
11/22/2001,0.0
11/23/2001,0.1
11/24/2001,0.0
11/25/2001,0.0
11/26/2001,0.4
11/27/2001,16.4
11/28/2001,0.0
11/29/2001,1.4
11/30/2001,0.0
12/01/2001,0.0
12/02/2001,0.0
12/03/2001,0.0
12/04/2001,0.0
12/05/2001,0.0
12/06/2001,0.2
12/07/2001,0.0
12/08/2001,0.0
12/09/2001,0.0
12/10/2001,0.2
12/11/2001,0.2
12/12/2001,0.0
12/13/2001,0.0
12/14/2001,0.0
12/15/2001,0.0
12/16/2001,0.0
12/17/2001,0.0
12/18/2001,0.0
12/19/2001,0.0
12/20/2001,0.0
12/21/2001,0.0
12/22/2001,0.0
12/23/2001,0.0
12/24/2001,0.0
12/25/2001,0.0
12/26/2001,0.0
12/27/2001,0.0
12/28/2001,0.0
12/29/2001,0.0
12/30/2001,0.0
12/31/2001,0.0
01/01/2002,0.0
01/02/2002,0.0
01/03/2002,0.0
01/04/2002,0.0
01/05/2002,0.0
01/06/2002,0.0
01/07/2002,0.0
01/08/2002,0.0
01/09/2002,0.0
01/10/2002,0.0
01/11/2002,0.0
01/12/2002,0.0
01/13/2002,0.0
01/14/2002,0.0
01/15/2002,0.0
01/16/2002,0.0
01/17/2002,0.0
01/18/2002,0.0
01/19/2002,0.0
01/20/2002,0.0
01/21/2002,0.0
01/22/2002,1.8
01/23/2002,10.6
01/24/2002,20.2
01/25/2002,0.2
01/26/2002,0.0
01/27/2002,0.0
01/28/2002,0.0
01/29/2002,0.0
01/30/2002,0.2
01/31/2002,0.8
02/01/2002,0.0
02/02/2002,0.0
02/03/2002,0.0
02/04/2002,0.2
02/05/2002,3.6
02/06/2002,52.0
02/07/2002,13.0
02/08/2002,0.0
02/09/2002,0.0
02/10/2002,0.0
02/11/2002,0.0
02/12/2002,0.0
02/13/2002,0.0
02/14/2002,19.0
02/15/2002,44.6
02/16/2002,23.6
02/17/2002,0.4
02/18/2002,0.2
02/19/2002,0.0
02/20/2002,0.0
02/21/2002,0.0
02/22/2002,0.0
02/23/2002,0.0
02/24/2002,0.0
02/25/2002,0.0
02/26/2002,0.0
02/27/2002,3.4
02/28/2002,1.2
03/01/2002,5.8
03/02/2002,18.4
03/03/2002,19.2
03/04/2002,0.0
03/05/2002,0.0
03/06/2002,15.2
03/07/2002,0.0
03/08/2002,0.2
03/09/2002,0.0
03/10/2002,0.0
03/11/2002,0.0
03/12/2002,0.0
03/13/2002,0.0
03/14/2002,0.2
03/15/2002,0.2
03/16/2002,0.0
03/17/2002,0.0
03/18/2002,0.0
03/19/2002,0.0
03/20/2002,0.0
03/21/2002,0.0
03/22/2002,0.0
03/23/2002,0.0
03/24/2002,0.0
03/25/2002,0.0
03/26/2002,0.0
03/27/2002,0.0
03/28/2002,0.0
03/29/2002,0.0
03/30/2002,0.0
03/31/2002,0.0
04/01/2002,0.0
04/02/2002,0.0
04/03/2002,0.0
04/04/2002,0.0
04/05/2002,0.0
04/06/2002,1.0
04/07/2002,2.2
04/08/2002,0.8
04/09/2002,5.6
04/10/2002,0.4
04/11/2002,8.0
04/12/2002,16.4
04/13/2002,4.4
04/14/2002,0.0
04/15/2002,7.0
04/16/2002,2.6
04/17/2002,0.0
04/18/2002,0.0
04/19/2002,2.6
04/20/2002,0.4
04/21/2002,0.0
04/22/2002,0.0
04/23/2002,0.0
04/24/2002,0.0
04/25/2002,0.0
04/26/2002,0.0
04/27/2002,0.0
04/28/2002,0.0
04/29/2002,1.2
04/30/2002,0.0
05/01/2002,0.0
05/02/2002,4.0
05/03/2002,7.4
05/04/2002,34.0
05/05/2002,9.8
05/06/2002,0.4
05/07/2002,0.0
05/08/2002,24.2
05/09/2002,28.0
05/10/2002,1.0
05/11/2002,11.6
05/12/2002,0.2
05/13/2002,0.0
05/14/2002,0.0
05/15/2002,0.0
05/16/2002,0.0
05/17/2002,0.0
05/18/2002,0.0
05/19/2002,0.0
05/20/2002,0.0
05/21/2002,0.0
05/22/2002,0.0
05/23/2002,43.0
05/24/2002,0.4
05/25/2002,14.0
05/26/2002,9.6
05/27/2002,1.2
05/28/2002,0.2
05/29/2002,0.0
05/30/2002,0.0
05/31/2002,0.0
06/01/2002,0.0
06/02/2002,0.0
06/03/2002,0.3
06/04/2002,0.0
06/05/2002,24.2
06/06/2002,27.4
06/07/2002,0.0
06/08/2002,8.2
06/09/2002,1.8
06/10/2002,0.0
06/11/2002,0.0
06/12/2002,0.0
06/13/2002,0.0
06/14/2002,0.0
06/15/2002,0.0
06/16/2002,0.0
06/17/2002,0.0
06/18/2002,0.0
06/19/2002,0.0
06/20/2002,0.0
06/21/2002,0.0
06/22/2002,0.0
06/23/2002,0.0
06/24/2002,0.2
06/25/2002,0.2
06/26/2002,0.0
06/27/2002,6.6
06/28/2002,0.6
06/29/2002,0.0
06/30/2002,0.0
07/01/2002,0.0
07/02/2002,0.4
07/03/2002,10.8
07/04/2002,0.0
07/05/2002,0.0
07/06/2002,4.4
07/07/2002,0.2
07/08/2002,0.0
07/09/2002,0.0
07/10/2002,0.0
07/11/2002,0.0
07/12/2002,0.0
07/13/2002,20.7
07/14/2002,19.2
07/15/2002,82.4
07/16/2002,4.0
07/17/2002,0.2
07/18/2002,0.4
07/19/2002,0.0
07/20/2002,0.0
07/21/2002,0.0
07/22/2002,0.0
07/23/2002,0.0
07/24/2002,0.0
07/25/2002,0.0
07/26/2002,0.0
07/27/2002,0.0
07/28/2002,0.0
07/29/2002,0.0
07/30/2002,0.0
07/31/2002,34.4
08/01/2002,0.4
08/02/2002,0.0
08/03/2002,0.0
08/04/2002,7.0
08/05/2002,4.2
08/06/2002,6.6
08/07/2002,0.0
08/08/2002,0.0
08/09/2002,16.2
08/10/2002,18.4
08/11/2002,17.6
08/12/2002,0.2
08/13/2002,0.0
08/14/2002,0.0
08/15/2002,0.0
08/16/2002,0.0
08/17/2002,0.0
08/18/2002,0.0
08/19/2002,0.0
08/20/2002,0.0
08/21/2002,49.1
08/22/2002,0.2
08/23/2002,13.0
08/24/2002,0.0
08/25/2002,0.0
08/26/2002,0.0
08/27/2002,0.0
08/28/2002,0.2
08/29/2002,1.6
08/30/2002,0.0
08/31/2002,0.0
09/01/2002,2.2
09/02/2002,1.4
09/03/2002,39.6
09/04/2002,6.6
09/05/2002,3.4
09/06/2002,19.6
09/07/2002,0.2
09/08/2002,2.2
09/09/2002,0.2
09/10/2002,1.8
09/11/2002,2.8
09/12/2002,0.8
09/13/2002,0.6
09/14/2002,0.0
09/15/2002,0.0
09/16/2002,0.0
09/17/2002,0.0
09/18/2002,0.0
09/19/2002,8.4
09/20/2002,0.0
09/21/2002,15.2
09/22/2002,1.8
09/23/2002,5.8
09/24/2002,2.0
09/25/2002,1.6
09/26/2002,0.1
09/27/2002,0.0
09/28/2002,0.0
09/29/2002,0.0
09/30/2002,0.0
10/01/2002,0.0
10/02/2002,0.0
10/03/2002,0.0
10/04/2002,0.0
10/05/2002,0.0
10/06/2002,0.0
10/07/2002,0.0
10/08/2002,0.0
10/09/2002,1.8
10/10/2002,39.2
10/11/2002,7.0
10/12/2002,0.0
10/13/2002,0.0
10/14/2002,0.0
10/15/2002,0.2
10/16/2002,0.2
10/17/2002,0.0
10/18/2002,1.5
10/19/2002,0.0
10/20/2002,0.0
10/21/2002,2.4
10/22/2002,6.4
10/23/2002,0.6
10/24/2002,0.0
10/25/2002,0.0
10/26/2002,0.0
10/27/2002,0.0
10/28/2002,0.0
10/29/2002,0.0
10/30/2002,0.0
10/31/2002,0.0
11/01/2002,0.0
11/02/2002,0.0
11/03/2002,0.4
11/04/2002,0.2
11/05/2002,0.0
11/06/2002,0.0
11/07/2002,0.0
11/08/2002,0.0
11/09/2002,0.0
11/10/2002,0.0
11/11/2002,0.0
11/12/2002,0.4
11/13/2002,8.2
11/14/2002,8.6
11/15/2002,6.8
11/16/2002,10.6
11/17/2002,5.8
11/18/2002,13.8
11/19/2002,2.4
11/20/2002,1.2
11/21/2002,10.6
11/22/2002,18.4
11/23/2002,4.4
11/24/2002,51.2
11/25/2002,51.6
11/26/2002,55.8
11/27/2002,15.8
11/28/2002,4.4
11/29/2002,22.4
11/30/2002,0.0
12/01/2002,0.0
12/02/2002,4.2
12/03/2002,4.4
12/04/2002,0.0
12/05/2002,3.0
12/06/2002,1.6
12/07/2002,0.0
12/08/2002,0.2
12/09/2002,0.0
12/10/2002,0.0
12/11/2002,0.0
12/12/2002,3.8
12/13/2002,6.2
12/14/2002,0.2
12/15/2002,1.6
12/16/2002,0.2
12/17/2002,0.6
12/18/2002,6.6
12/19/2002,0.0
12/20/2002,0.0
12/21/2002,0.0
12/22/2002,0.0
12/23/2002,0.0
12/24/2002,0.2
12/25/2002,1.2
12/26/2002,0.0
12/27/2002,15.8
12/28/2002,13.2
12/29/2002,0.0
12/30/2002,0.0
12/31/2002,0.0
01/01/2003,0.0
01/02/2003,0.4
01/03/2003,0.0
01/04/2003,0.0
01/05/2003,10.0
01/06/2003,1.0
01/07/2003,0.2
01/08/2003,0.4
01/09/2003,0.0
01/10/2003,0.0
01/11/2003,0.0
01/12/2003,0.0
01/13/2003,0.0
01/14/2003,0.0
01/15/2003,0.0
01/16/2003,0.0
01/17/2003,0.0
01/18/2003,0.0
01/19/2003,0.0
01/20/2003,0.4
01/21/2003,29.0
01/22/2003,0.2
01/23/2003,0.0
01/24/2003,0.2
01/25/2003,0.0
01/26/2003,0.0
01/27/2003,0.2
01/28/2003,0.0
01/29/2003,0.0
01/30/2003,0.0
01/31/2003,0.0
02/01/2003,0.0
02/02/2003,0.0
02/03/2003,0.0
02/04/2003,0.0
02/05/2003,0.0
02/06/2003,0.0
02/07/2003,0.0
02/08/2003,0.0
02/09/2003,0.0
02/10/2003,0.0
02/11/2003,0.0
02/12/2003,0.0
02/13/2003,0.0
02/14/2003,0.0
02/15/2003,0.0
02/16/2003,0.0
02/17/2003,0.0
02/18/2003,0.0
02/19/2003,0.0
02/20/2003,0.0
02/21/2003,0.0
02/22/2003,0.0
02/23/2003,0.0
02/24/2003,0.0
02/25/2003,0.0
02/26/2003,0.0
02/27/2003,0.0
02/28/2003,0.0
03/01/2003,0.8
03/02/2003,4.8
03/03/2003,0.0
03/04/2003,0.0
03/05/2003,0.0
03/06/2003,0.2
03/07/2003,0.0
03/08/2003,0.0
03/09/2003,0.0
03/10/2003,0.0
03/11/2003,0.0
03/12/2003,0.0
03/13/2003,0.0
03/14/2003,0.0
03/15/2003,0.0
03/16/2003,0.0
03/17/2003,0.0
03/18/2003,0.0
03/19/2003,0.0
03/20/2003,0.0
03/21/2003,0.0
03/22/2003,0.0
03/23/2003,0.0
03/24/2003,0.0
03/25/2003,0.0
03/26/2003,0.0
03/27/2003,0.0
03/28/2003,0.0
03/29/2003,0.0
03/30/2003,0.0
03/31/2003,0.0
04/01/2003,0.0
04/02/2003,1.0
04/03/2003,0.0
04/04/2003,3.4
04/05/2003,0.0
04/06/2003,0.0
04/07/2003,0.0
04/08/2003,0.0
04/09/2003,0.4
04/10/2003,16.4
04/11/2003,3.0
04/12/2003,10.8
04/13/2003,0.0
04/14/2003,0.0
04/15/2003,0.0
04/16/2003,0.0
04/17/2003,0.0
04/18/2003,0.0
04/19/2003,0.0
04/20/2003,0.0
04/21/2003,0.2
04/22/2003,0.0
04/23/2003,0.0
04/24/2003,0.0
04/25/2003,0.0
04/26/2003,1.4
04/27/2003,0.6
04/28/2003,0.0
04/29/2003,0.0
04/30/2003,0.6
05/01/2003,0.0
05/02/2003,4.8
05/03/2003,0.2
05/04/2003,0.0
05/05/2003,0.0
05/06/2003,0.0
05/07/2003,0.0
05/08/2003,0.0
05/09/2003,0.0
05/10/2003,1.0
05/11/2003,0.2
05/12/2003,0.0
05/13/2003,0.0
05/14/2003,0.0
05/15/2003,0.0
05/16/2003,0.0
05/17/2003,0.0
05/18/2003,0.0
05/19/2003,0.0
05/20/2003,6.4
05/21/2003,0.0
05/22/2003,0.0
05/23/2003,0.0
05/24/2003,0.0
05/25/2003,0.0
05/26/2003,0.0
05/27/2003,0.0
05/28/2003,0.0
05/29/2003,10.4
05/30/2003,3.0
05/31/2003,0.0
06/01/2003,0.0
06/02/2003,12.4
06/03/2003,12.4
06/04/2003,0.2
06/05/2003,0.0
06/06/2003,0.0
06/07/2003,0.0
06/08/2003,0.0
06/09/2003,0.0
06/10/2003,0.0
06/11/2003,0.0
06/12/2003,0.0
06/13/2003,0.0
06/14/2003,0.0
06/15/2003,0.0
06/16/2003,0.0
06/17/2003,0.0
06/18/2003,0.0
06/19/2003,0.0
06/20/2003,0.0
06/21/2003,0.0
06/22/2003,0.0
06/23/2003,0.0
06/24/2003,0.0
06/25/2003,0.0
06/26/2003,0.0
06/27/2003,0.0
06/28/2003,27.4
06/29/2003,0.0
06/30/2003,0.0
07/01/2003,0.0
07/02/2003,0.0
07/03/2003,0.0
07/04/2003,2.8
07/05/2003,0.0
07/06/2003,0.0
07/07/2003,0.0
07/08/2003,0.0
07/09/2003,0.0
07/10/2003,0.0
07/11/2003,0.0
07/12/2003,0.0
07/13/2003,0.0
07/14/2003,0.0
07/15/2003,0.0
07/16/2003,0.0
07/17/2003,0.0
07/18/2003,0.0
07/19/2003,0.0
07/20/2003,0.0
07/21/2003,0.0
07/22/2003,0.0
07/23/2003,0.0
07/24/2003,11.0
07/25/2003,0.0
07/26/2003,0.0
07/27/2003,4.8
07/28/2003,0.0
07/29/2003,0.0
07/30/2003,0.0
07/31/2003,5.2
08/01/2003,0.0
08/02/2003,0.0
08/03/2003,0.0
08/04/2003,0.0
08/05/2003,0.0
08/06/2003,0.0
08/07/2003,0.0
08/08/2003,0.0
08/09/2003,0.0
08/10/2003,0.0
08/11/2003,0.0
08/12/2003,0.0
08/13/2003,0.0
08/14/2003,0.0
08/15/2003,0.0
08/16/2003,0.0
08/17/2003,0.0
08/18/2003,0.0
08/19/2003,0.0
08/20/2003,0.0
08/21/2003,1.8
08/22/2003,0.0
08/23/2003,0.0
08/24/2003,2.6
08/25/2003,0.0
08/26/2003,0.0
08/27/2003,0.0
08/28/2003,0.0
08/29/2003,0.0
08/30/2003,0.0
08/31/2003,0.0
09/01/2003,0.0
09/02/2003,0.0
09/03/2003,0.0
09/04/2003,0.0
09/05/2003,0.0
09/06/2003,0.0
09/07/2003,0.0
09/08/2003,6.0
09/09/2003,8.6
09/10/2003,0.0
09/11/2003,0.0
09/12/2003,0.0
09/13/2003,1.8
09/14/2003,0.2
09/15/2003,0.0
09/16/2003,0.0
09/17/2003,0.0
09/18/2003,0.0
09/19/2003,0.0
09/20/2003,0.0
09/21/2003,0.0
09/22/2003,0.0
09/23/2003,0.0
09/24/2003,3.6
09/25/2003,0.0
09/26/2003,0.0
09/27/2003,0.0
09/28/2003,2.6
09/29/2003,0.4
09/30/2003,0.0
10/01/2003,0.8
10/02/2003,0.0
10/03/2003,0.0
10/04/2003,10.6
10/05/2003,6.0
10/06/2003,0.0
10/07/2003,0.0
10/08/2003,0.0
10/09/2003,0.0
10/10/2003,0.0
10/11/2003,0.0
10/12/2003,0.0
10/13/2003,0.0
10/14/2003,0.6
10/15/2003,1.2
10/16/2003,0.0
10/17/2003,0.0
10/18/2003,0.0
10/19/2003,0.0
10/20/2003,7.4
10/21/2003,0.0
10/22/2003,10.6
10/23/2003,29.8
10/24/2003,0.2
10/25/2003,0.0
10/26/2003,2.0
10/27/2003,6.0
10/28/2003,0.0
10/29/2003,4.8
10/30/2003,0.0
10/31/2003,42.2
11/01/2003,1.2
11/02/2003,0.0
11/03/2003,0.0
11/04/2003,0.0
11/05/2003,0.0
11/06/2003,0.0
11/07/2003,0.2
11/08/2003,20.6
11/09/2003,0.0
11/10/2003,0.0
11/11/2003,0.0
11/12/2003,0.0
11/13/2003,0.0
11/14/2003,0.0
11/15/2003,0.0
11/16/2003,14.8
11/17/2003,3.8
11/18/2003,0.0
11/19/2003,0.0
11/20/2003,0.4
11/21/2003,0.8
11/22/2003,4.6
11/23/2003,12.4
11/24/2003,43.0
11/25/2003,3.2
11/26/2003,5.0
11/27/2003,16.4
11/28/2003,1.2
11/29/2003,0.0
11/30/2003,1.8
12/01/2003,12.4
12/02/2003,2.2
12/03/2003,3.6
12/04/2003,11.4
12/05/2003,0.0
12/06/2003,0.0
12/07/2003,0.0
12/08/2003,0.0
12/09/2003,0.0
12/10/2003,1.8
12/11/2003,0.0
12/12/2003,0.0
12/13/2003,0.0
12/14/2003,0.0
12/15/2003,0.0
12/16/2003,0.0
12/17/2003,0.0
12/18/2003,0.0
12/19/2003,0.0
12/20/2003,0.0
12/21/2003,2.0
12/22/2003,0.0
12/23/2003,0.2
12/24/2003,0.0
12/25/2003,0.0
12/26/2003,0.0
12/27/2003,2.8
12/28/2003,31.6
12/29/2003,27.4
12/30/2003,16.2
12/31/2003,6.2
01/01/2004,1.8
01/02/2004,17.4
01/03/2004,0.0
01/04/2004,0.2
01/05/2004,0.0
01/06/2004,0.2
01/07/2004,0.0
01/08/2004,0.4
01/09/2004,4.6
01/10/2004,0.0
01/11/2004,0.2
01/12/2004,0.0
01/13/2004,0.0
01/14/2004,0.0
01/15/2004,0.0
01/16/2004,0.0
01/17/2004,0.0
01/18/2004,25.0
01/19/2004,0.0
01/20/2004,0.0
01/21/2004,0.0
01/22/2004,0.0
01/23/2004,0.0
01/24/2004,0.0
01/25/2004,0.0
01/26/2004,0.2
01/27/2004,1.2
01/28/2004,0.0
01/29/2004,0.2
01/30/2004,0.0
01/31/2004,2.0
02/01/2004,0.0
02/02/2004,0.0
02/03/2004,0.0
02/04/2004,0.0
02/05/2004,0.0
02/06/2004,0.0
02/07/2004,0.0
02/08/2004,0.0
02/09/2004,0.0
02/10/2004,0.0
02/11/2004,0.0
02/12/2004,0.0
02/13/2004,0.0
02/14/2004,0.0
02/15/2004,0.0
02/16/2004,0.0
02/17/2004,0.0
02/18/2004,2.0
02/19/2004,24.4
02/20/2004,11.6
02/21/2004,48.2
02/22/2004,10.6
02/23/2004,11.8
02/24/2004,0.0
02/25/2004,0.2
02/26/2004,0.0
02/27/2004,0.0
02/28/2004,0.0
02/29/2004,0.0
03/01/2004,0.0
03/02/2004,0.0
03/03/2004,0.0
03/04/2004,0.0
03/05/2004,0.0
03/06/2004,3.6
03/07/2004,2.4
03/08/2004,0.2
03/09/2004,0.2
03/10/2004,6.6
03/11/2004,15.2
03/12/2004,0.0
03/13/2004,0.0
03/14/2004,0.2
03/15/2004,0.0
03/16/2004,0.0
03/17/2004,0.2
03/18/2004,0.0
03/19/2004,0.0
03/20/2004,0.0
03/21/2004,0.0
03/22/2004,0.0
03/23/2004,30.4
03/24/2004,0.0
03/25/2004,0.2
03/26/2004,0.8
03/27/2004,0.0
03/28/2004,0.0
03/29/2004,0.0
03/30/2004,0.0
03/31/2004,0.0
04/01/2004,0.0
04/02/2004,0.0
04/03/2004,0.0
04/04/2004,0.0
04/05/2004,0.0
04/06/2004,5.8
04/07/2004,0.2
04/08/2004,0.0
04/09/2004,27.6
04/10/2004,4.2
04/11/2004,0.0
04/12/2004,0.0
04/13/2004,0.0
04/14/2004,0.0
04/15/2004,2.6
04/16/2004,6.0
04/17/2004,0.6
04/18/2004,13.0
04/19/2004,13.6
04/20/2004,0.0
04/21/2004,0.0
04/22/2004,0.0
04/23/2004,0.0
04/24/2004,0.2
04/25/2004,0.0
04/26/2004,0.0
04/27/2004,0.0
04/28/2004,0.0
04/29/2004,15.4
04/30/2004,75.2
05/01/2004,0.2
05/02/2004,3.8
05/03/2004,25.0
05/04/2004,27.8
05/05/2004,15.2
05/06/2004,1.4
05/07/2004,4.8
05/08/2004,0.6
05/09/2004,0.0
05/10/2004,0.0
05/11/2004,0.0
05/12/2004,0.0
05/13/2004,0.0
05/14/2004,0.0
05/15/2004,0.0
05/16/2004,0.0
05/17/2004,0.0
05/18/2004,0.0
05/19/2004,0.0
05/20/2004,0.0
05/21/2004,0.0
05/22/2004,3.4
05/23/2004,0.2
05/24/2004,0.0
05/25/2004,0.0
05/26/2004,0.0
05/27/2004,0.0
05/28/2004,3.4
05/29/2004,0.0
05/30/2004,0.0
05/31/2004,0.0
06/01/2004,0.0
06/02/2004,0.0
06/03/2004,0.0
06/04/2004,0.0
06/05/2004,0.0
06/06/2004,0.0
06/07/2004,0.0
06/08/2004,0.0
06/09/2004,0.0
06/10/2004,0.0
06/11/2004,0.0
06/12/2004,0.0
06/13/2004,0.0
06/14/2004,0.2
06/15/2004,0.0
06/16/2004,0.0
06/17/2004,0.0
06/18/2004,0.0
06/19/2004,1.4
06/20/2004,1.0
06/21/2004,0.0
06/22/2004,0.0
06/23/2004,0.0
06/24/2004,0.0
06/25/2004,0.0
06/26/2004,6.2
06/27/2004,0.0
06/28/2004,0.0
06/29/2004,0.0
06/30/2004,0.0
07/01/2004,0.0
07/02/2004,0.0
07/03/2004,0.0
07/04/2004,0.0
07/05/2004,0.6
07/06/2004,0.2
07/07/2004,0.4
07/08/2004,4.8
07/09/2004,0.2
07/10/2004,0.0
07/11/2004,0.0
07/12/2004,12.8
07/13/2004,11.0
07/14/2004,0.2
07/15/2004,0.0
07/16/2004,0.0
07/17/2004,0.0
07/18/2004,0.0
07/19/2004,0.0
07/20/2004,0.0
07/21/2004,0.0
07/22/2004,0.0
07/23/2004,0.0
07/24/2004,28.0
07/25/2004,0.0
07/26/2004,0.0
07/27/2004,0.0
07/28/2004,0.0
07/29/2004,0.0
07/30/2004,0.0
07/31/2004,0.0
08/01/2004,0.0
08/02/2004,0.0
08/03/2004,0.0
08/04/2004,32.0
08/05/2004,0.2
08/06/2004,0.0
08/07/2004,0.0
08/08/2004,0.0
08/09/2004,0.2
08/10/2004,0.0
08/11/2004,0.0
08/12/2004,0.0
08/13/2004,0.0
08/14/2004,0.0
08/15/2004,0.0
08/16/2004,0.0
08/17/2004,0.0
08/18/2004,0.0
08/19/2004,0.0
08/20/2004,0.0
08/21/2004,1.2
08/22/2004,0.0
08/23/2004,0.0
08/24/2004,0.4
08/25/2004,0.0
08/26/2004,0.0
08/27/2004,0.0
08/28/2004,0.0
08/29/2004,0.0
08/30/2004,0.0
08/31/2004,0.0
09/01/2004,0.0
09/02/2004,0.0
09/03/2004,0.0
09/04/2004,0.0
09/05/2004,0.0
09/06/2004,0.0
09/07/2004,0.0
09/08/2004,0.0
09/09/2004,0.0
09/10/2004,0.0
09/11/2004,0.0
09/12/2004,5.6
09/13/2004,0.0
09/14/2004,17.4
09/15/2004,9.0
09/16/2004,11.4
09/17/2004,0.0
09/18/2004,0.0
09/19/2004,0.0
09/20/2004,0.0
09/21/2004,0.0
09/22/2004,0.0
09/23/2004,0.0
09/24/2004,0.0
09/25/2004,0.0
09/26/2004,0.0
09/27/2004,0.0
09/28/2004,0.0
09/29/2004,0.0
09/30/2004,0.0
10/01/2004,0.0
10/02/2004,0.0
10/03/2004,0.0
10/04/2004,0.0
10/05/2004,0.0
10/06/2004,0.0
10/07/2004,0.0
10/08/2004,0.2
10/09/2004,0.0
10/10/2004,13.6
10/11/2004,0.2
10/12/2004,0.4
10/13/2004,0.2
10/14/2004,7.4
10/15/2004,1.4
10/16/2004,0.2
10/17/2004,0.0
10/18/2004,0.0
10/19/2004,7.0
10/20/2004,2.8
10/21/2004,1.4
10/22/2004,0.4
10/23/2004,0.0
10/24/2004,0.0
10/25/2004,0.0
10/26/2004,10.2
10/27/2004,1.4
10/28/2004,7.4
10/29/2004,9.8
10/30/2004,0.2
10/31/2004,11.4
11/01/2004,26.2
11/02/2004,14.6
11/03/2004,0.2
11/04/2004,0.0
11/05/2004,0.0
11/06/2004,0.0
11/07/2004,0.2
11/08/2004,0.2
11/09/2004,0.0
11/10/2004,3.6
11/11/2004,12.6
11/12/2004,4.6
11/13/2004,0.2
11/14/2004,0.0
11/15/2004,0.0
11/16/2004,0.0
11/17/2004,0.0
11/18/2004,0.0
11/19/2004,0.0
11/20/2004,0.0
11/21/2004,0.0
11/22/2004,0.0
11/23/2004,0.0
11/24/2004,0.0
11/25/2004,0.0
11/26/2004,0.0
11/27/2004,0.0
11/28/2004,0.6
11/29/2004,57.8
11/30/2004,32.2
12/01/2004,0.2
12/02/2004,0.6
12/03/2004,0.2
12/04/2004,0.4
12/05/2004,1.4
12/06/2004,0.4
12/07/2004,0.0
12/08/2004,0.0
12/09/2004,0.0
12/10/2004,0.0
12/11/2004,0.0
12/12/2004,0.2
12/13/2004,0.0
12/14/2004,0.2
12/15/2004,0.0
12/16/2004,1.8
12/17/2004,0.4
12/18/2004,0.0
12/19/2004,0.0
12/20/2004,0.0
12/21/2004,0.0
12/22/2004,0.0
12/23/2004,0.0
12/24/2004,0.0
12/25/2004,16.6
12/26/2004,26.4
12/27/2004,5.6
12/28/2004,2.8
12/29/2004,0.2
12/30/2004,0.0
12/31/2004,0.0
01/01/2005,0.0
01/02/2005,0.0
01/03/2005,0.0
01/04/2005,0.0
01/05/2005,0.0
01/06/2005,0.0
01/07/2005,0.0
01/08/2005,0.2
01/09/2005,0.0
01/10/2005,0.0
01/11/2005,0.0
01/12/2005,0.0
01/13/2005,0.0
01/14/2005,0.0
01/15/2005,0.0
01/16/2005,0.0
01/17/2005,0.0
01/18/2005,0.4
01/19/2005,8.2
01/20/2005,0.2
01/21/2005,0.2
01/22/2005,0.0
01/23/2005,0.0
01/24/2005,0.2
01/25/2005,0.0
01/26/2005,0.0
01/27/2005,0.0
01/28/2005,0.0
01/29/2005,0.0
01/30/2005,0.0
01/31/2005,0.0
02/01/2005,0.0
02/02/2005,0.0
02/03/2005,0.0
02/04/2005,0.0
02/05/2005,0.0
02/06/2005,0.0
02/07/2005,0.0
02/08/2005,0.0
02/09/2005,0.0
02/10/2005,0.0
02/11/2005,0.4
02/12/2005,0.0
02/13/2005,1.4
02/14/2005,0.0
02/15/2005,0.0
02/16/2005,0.0
02/17/2005,0.0
02/18/2005,0.2
02/19/2005,0.2
02/20/2005,8.8
02/21/2005,5.4
02/22/2005,1.2
02/23/2005,0.2
02/24/2005,0.6
02/25/2005,0.6
02/26/2005,0.0
02/27/2005,0.2
02/28/2005,0.0
03/01/2005,0.0
03/02/2005,0.0
03/03/2005,0.6
03/04/2005,6.2
03/05/2005,0.0
03/06/2005,0.0
03/07/2005,0.0
03/08/2005,0.0
03/09/2005,0.0
03/10/2005,0.0
03/11/2005,0.0
03/12/2005,0.0
03/13/2005,0.6
03/14/2005,0.0
03/15/2005,0.0
03/16/2005,0.0
03/17/2005,0.2
03/18/2005,0.0
03/19/2005,0.2
03/20/2005,1.0
03/21/2005,0.0
03/22/2005,0.0
03/23/2005,0.0
03/24/2005,0.8
03/25/2005,0.6
03/26/2005,16.4
03/27/2005,0.0
03/28/2005,0.0
03/29/2005,0.0
03/30/2005,1.4
03/31/2005,0.0
04/01/2005,0.2
04/02/2005,0.0
04/03/2005,0.0
04/04/2005,0.0
04/05/2005,0.0
04/06/2005,0.0
04/07/2005,0.8
04/08/2005,11.2
04/09/2005,25.8
04/10/2005,1.2
04/11/2005,4.4
04/12/2005,1.2
04/13/2005,0.2
04/14/2005,0.0
04/15/2005,0.0
04/16/2005,17.6
04/17/2005,1.8
04/18/2005,0.8
04/19/2005,4.4
04/20/2005,6.8
04/21/2005,2.6
04/22/2005,0.2
04/23/2005,0.0
04/24/2005,14.8
04/25/2005,7.2
04/26/2005,0.0
04/27/2005,0.0
04/28/2005,0.0
04/29/2005,0.0
04/30/2005,0.0
05/01/2005,0.0
05/02/2005,0.0
05/03/2005,2.2
05/04/2005,0.2
05/05/2005,5.8
05/06/2005,0.2
05/07/2005,0.0
05/08/2005,0.0
05/09/2005,0.0
05/10/2005,5.4
05/11/2005,0.0
05/12/2005,0.0
05/13/2005,0.0
05/14/2005,1.2
05/15/2005,0.0
05/16/2005,5.8
05/17/2005,21.0
05/18/2005,11.0
05/19/2005,0.0
05/20/2005,1.6
05/21/2005,0.0
05/22/2005,0.0
05/23/2005,9.4
05/24/2005,0.0
05/25/2005,0.0
05/26/2005,0.0
05/27/2005,0.0
05/28/2005,0.0
05/29/2005,0.0
05/30/2005,0.0
05/31/2005,0.0
06/01/2005,0.0
06/02/2005,0.0
06/03/2005,0.0
06/04/2005,0.0
06/05/2005,3.4
06/06/2005,1.0
06/07/2005,0.0
06/08/2005,0.0
06/09/2005,0.0
06/10/2005,0.0
06/11/2005,0.0
06/12/2005,0.0
06/13/2005,0.0
06/14/2005,8.4
06/15/2005,0.2
06/16/2005,0.0
06/17/2005,0.0
06/18/2005,0.0
06/19/2005,0.0
06/20/2005,0.0
06/21/2005,0.0
06/22/2005,0.0
06/23/2005,0.0
06/24/2005,0.0
06/25/2005,0.0
06/26/2005,0.0
06/27/2005,0.0
06/28/2005,0.0
06/29/2005,2.6
06/30/2005,0.2
07/01/2005,0.0
07/02/2005,0.0
07/03/2005,0.0
07/04/2005,6.8
07/05/2005,3.4
07/06/2005,0.0
07/07/2005,19.0
07/08/2005,19.0
07/09/2005,10.6
07/10/2005,1.2
07/11/2005,0.2
07/12/2005,0.0
07/13/2005,0.0
07/14/2005,0.0
07/15/2005,0.0
07/16/2005,0.2
07/17/2005,0.0
07/18/2005,15.6
07/19/2005,0.2
07/20/2005,0.0
07/21/2005,0.0
07/22/2005,0.0
07/23/2005,0.0
07/24/2005,0.0
07/25/2005,0.0
07/26/2005,0.0
07/27/2005,0.0
07/28/2005,0.0
07/29/2005,0.0
07/30/2005,0.0
07/31/2005,21.6
08/01/2005,0.0
08/02/2005,13.4
08/03/2005,0.2
08/04/2005,0.0
08/05/2005,0.0
08/06/2005,0.0
08/07/2005,0.0
08/08/2005,0.0
08/09/2005,0.0
08/10/2005,0.0
08/11/2005,2.6
08/12/2005,0.2
08/13/2005,0.0
08/14/2005,2.4
08/15/2005,0.2
08/16/2005,0.0
08/17/2005,0.0
08/18/2005,0.0
08/19/2005,0.0
08/20/2005,4.8
08/21/2005,5.6
08/22/2005,2.4
08/23/2005,0.2
08/24/2005,0.0
08/25/2005,0.0
08/26/2005,0.0
08/27/2005,47.0
08/28/2005,7.2
08/29/2005,0.0
08/30/2005,0.0
08/31/2005,0.0
09/01/2005,0.0
09/02/2005,0.0
09/03/2005,2.6
09/04/2005,0.8
09/05/2005,0.0
09/06/2005,0.0
09/07/2005,1.0
09/08/2005,7.0
09/09/2005,35.6
09/10/2005,0.2
09/11/2005,5.6
09/12/2005,3.2
09/13/2005,0.0
09/14/2005,0.0
09/15/2005,0.0
09/16/2005,0.0
09/17/2005,26.2
09/18/2005,11.4
09/19/2005,0.0
09/20/2005,0.0
09/21/2005,0.0
09/22/2005,0.0
09/23/2005,0.0
09/24/2005,0.0
09/25/2005,0.0
09/26/2005,0.0
09/27/2005,0.0
09/28/2005,0.0
09/29/2005,0.0
09/30/2005,0.0
10/01/2005,0.0
10/02/2005,44.8
10/03/2005,31.0
10/04/2005,12.8
10/05/2005,1.2
10/06/2005,11.4
10/07/2005,16.2
10/08/2005,0.2
10/09/2005,0.0
10/10/2005,0.0
10/11/2005,0.0
10/12/2005,0.0
10/13/2005,0.0
10/14/2005,0.0
10/15/2005,0.0
10/16/2005,0.0
10/17/2005,0.0
10/18/2005,0.0
10/19/2005,0.0
10/20/2005,4.6
10/21/2005,0.0
10/22/2005,0.8
10/23/2005,0.0
10/24/2005,0.2
10/25/2005,0.0
10/26/2005,0.0
10/27/2005,0.0
10/28/2005,1.6
10/29/2005,0.0
10/30/2005,0.0
10/31/2005,0.0
11/01/2005,6.6
11/02/2005,0.0
11/03/2005,0.0
11/04/2005,0.8
11/05/2005,14.0
11/06/2005,26.2
11/07/2005,0.0
11/08/2005,0.0
11/09/2005,0.0
11/10/2005,0.0
11/11/2005,0.0
11/12/2005,0.0
11/13/2005,0.0
11/14/2005,0.0
11/15/2005,0.0
11/16/2005,0.0
11/17/2005,0.0
11/18/2005,0.0
11/19/2005,0.0
11/20/2005,0.2
11/21/2005,0.0
11/22/2005,0.0
11/23/2005,0.0
11/24/2005,0.0
11/25/2005,0.6
11/26/2005,5.2
11/27/2005,1.8
11/28/2005,0.2
11/29/2005,7.6
11/30/2005,2.4
12/01/2005,0.0
12/02/2005,7.4
12/03/2005,35.6
12/04/2005,7.4
12/05/2005,1.0
12/06/2005,0.0
12/07/2005,0.2
12/08/2005,1.6
12/09/2005,0.0
12/10/2005,0.2
12/11/2005,0.0
12/12/2005,0.0
12/13/2005,0.0
12/14/2005,0.2
12/15/2005,0.0
12/16/2005,0.2
12/17/2005,0.0
12/18/2005,0.0
12/19/2005,0.0
12/20/2005,0.0
12/21/2005,0.0
12/22/2005,0.4
12/23/2005,0.0
12/24/2005,0.0
12/25/2005,0.4
12/26/2005,0.2
12/27/2005,4.2
12/28/2005,1.2
12/29/2005,6.2
12/30/2005,1.0
12/31/2005,0.0
01/01/2006,1.0
01/02/2006,0.2
01/03/2006,0.0
01/04/2006,0.2
01/05/2006,0.0
01/06/2006,0.0
01/07/2006,0.0
01/08/2006,0.0
01/09/2006,0.0
01/10/2006,0.0
01/11/2006,0.2
01/12/2006,0.0
01/13/2006,0.2
01/14/2006,0.0
01/15/2006,0.2
01/16/2006,0.2
01/17/2006,0.0
01/18/2006,0.0
01/19/2006,0.0
01/20/2006,0.2
01/21/2006,0.0
01/22/2006,0.0
01/23/2006,0.2
01/24/2006,0.0
01/25/2006,0.0
01/26/2006,0.0
01/27/2006,0.6
01/28/2006,21.8
01/29/2006,3.8
01/30/2006,0.2
01/31/2006,0.0
02/01/2006,0.0
02/02/2006,0.0
02/03/2006,0.0
02/04/2006,0.0
02/05/2006,0.0
02/06/2006,0.0
02/07/2006,0.0
02/08/2006,0.0
02/09/2006,0.0
02/10/2006,0.0
02/11/2006,0.0
02/12/2006,0.0
02/13/2006,0.0
02/14/2006,0.0
02/15/2006,1.8
02/16/2006,0.6
02/17/2006,0.0
02/18/2006,6.0
02/19/2006,19.2
02/20/2006,5.8
02/21/2006,1.0
02/22/2006,6.6
02/23/2006,0.2
02/24/2006,13.8
02/25/2006,6.4
02/26/2006,0.0
02/27/2006,0.2
02/28/2006,0.0
03/01/2006,0.0
03/02/2006,0.0
03/03/2006,0.0
03/04/2006,0.0
03/05/2006,10.6
03/06/2006,0.0
03/07/2006,0.0
03/08/2006,0.0
03/09/2006,0.0
03/10/2006,0.0
03/11/2006,0.0
03/12/2006,0.0
03/13/2006,0.0
03/14/2006,0.0
03/15/2006,0.0
03/16/2006,1.6
03/17/2006,0.2
03/18/2006,0.0
03/19/2006,0.0
03/20/2006,0.0
03/21/2006,4.8
03/22/2006,0.0
03/23/2006,0.0
03/24/2006,6.2
03/25/2006,0.0
03/26/2006,0.0
03/27/2006,0.0
03/28/2006,6.0
03/29/2006,0.0
03/30/2006,0.0
03/31/2006,0.0
04/01/2006,0.8
04/02/2006,0.2
04/03/2006,0.0
04/04/2006,0.0
04/05/2006,7.6
04/06/2006,0.4
04/07/2006,0.0
04/08/2006,0.0
04/09/2006,0.0
04/10/2006,25.2
04/11/2006,7.0
04/12/2006,0.0
04/13/2006,0.0
04/14/2006,0.0
04/15/2006,0.2
04/16/2006,3.6
04/17/2006,8.6
04/18/2006,0.2
04/19/2006,0.0
04/20/2006,0.0
04/21/2006,0.0
04/22/2006,0.0
04/23/2006,0.0
04/24/2006,0.0
04/25/2006,2.2
04/26/2006,0.0
04/27/2006,3.2
04/28/2006,6.4
04/29/2006,10.2
04/30/2006,0.2
05/01/2006,0.0
05/02/2006,10.6
05/03/2006,0.0
05/04/2006,0.0
05/05/2006,0.2
05/06/2006,0.0
05/07/2006,0.0
05/08/2006,0.6
05/09/2006,14.2
05/10/2006,0.0
05/11/2006,6.2
05/12/2006,0.0
05/13/2006,0.2
05/14/2006,4.0
05/15/2006,0.0
05/16/2006,0.0
05/17/2006,0.0
05/18/2006,0.0
05/19/2006,0.0
05/20/2006,0.0
05/21/2006,0.0
05/22/2006,0.0
05/23/2006,0.0
05/24/2006,0.2
05/25/2006,0.0
05/26/2006,0.0
05/27/2006,0.0
05/28/2006,0.0
05/29/2006,6.4
05/30/2006,0.2
05/31/2006,0.0
06/01/2006,0.0
06/02/2006,0.0
06/03/2006,0.0
06/04/2006,0.0
06/05/2006,0.2
06/06/2006,0.6
06/07/2006,0.2
06/08/2006,0.0
06/09/2006,0.0
06/10/2006,0.0
06/11/2006,0.0
06/12/2006,0.0
06/13/2006,0.0
06/14/2006,0.0
06/15/2006,0.0
06/16/2006,0.0
06/17/2006,0.0
06/18/2006,0.0
06/19/2006,0.0
06/20/2006,0.0
06/21/2006,0.0
06/22/2006,0.0
06/23/2006,0.0
06/24/2006,2.2
06/25/2006,0.0
06/26/2006,0.0
06/27/2006,0.0
06/28/2006,0.0
06/29/2006,5.4
06/30/2006,0.0
07/01/2006,0.0
07/02/2006,0.0
07/03/2006,0.2
07/04/2006,0.2
07/05/2006,0.0
07/06/2006,44.0
07/07/2006,6.4
07/08/2006,1.0
07/09/2006,0.0
07/10/2006,0.0
07/11/2006,0.0
07/12/2006,1.4
07/13/2006,0.0
07/14/2006,0.0
07/15/2006,0.0
07/16/2006,0.0
07/17/2006,0.0
07/18/2006,0.0
07/19/2006,0.0
07/20/2006,0.0
07/21/2006,0.0
07/22/2006,0.0
07/23/2006,0.0
07/24/2006,0.0
07/25/2006,0.0
07/26/2006,20.4
07/27/2006,0.0
07/28/2006,0.0
07/29/2006,0.0
07/30/2006,0.0
07/31/2006,0.0
08/01/2006,36.0
08/02/2006,0.0
08/03/2006,49.0
08/04/2006,0.0
08/05/2006,0.0
08/06/2006,0.0
08/07/2006,0.0
08/08/2006,0.0
08/09/2006,0.0
08/10/2006,0.0
08/11/2006,4.2
08/12/2006,2.0
08/13/2006,21.4
08/14/2006,0.2
08/15/2006,0.0
08/16/2006,6.0
08/17/2006,0.4
08/18/2006,19.8
08/19/2006,2.6
08/20/2006,0.0
08/21/2006,0.2
08/22/2006,0.0
08/23/2006,0.0
08/24/2006,0.0
08/25/2006,0.6
08/26/2006,0.4
08/27/2006,0.0
08/28/2006,0.0
08/29/2006,0.0
08/30/2006,0.4
08/31/2006,0.0
09/01/2006,0.0
09/02/2006,0.0
09/03/2006,0.0
09/04/2006,0.0
09/05/2006,0.0
09/06/2006,0.0
09/07/2006,0.0
09/08/2006,0.0
09/09/2006,0.0
09/10/2006,0.0
09/11/2006,0.0
09/12/2006,0.0
09/13/2006,0.0
09/14/2006,32.4
09/15/2006,51.6
09/16/2006,2.6
09/17/2006,9.2
09/18/2006,0.0
09/19/2006,0.0
09/20/2006,0.0
09/21/2006,0.0
09/22/2006,0.0
09/23/2006,0.0
09/24/2006,0.0
09/25/2006,19.0
09/26/2006,0.4
09/27/2006,0.0
09/28/2006,0.0
09/29/2006,0.0
09/30/2006,0.0
10/01/2006,3.4
10/02/2006,0.2
10/03/2006,0.0
10/04/2006,1.0
10/05/2006,0.2
10/06/2006,0.0
10/07/2006,4.0
10/08/2006,0.0
10/09/2006,0.0
10/10/2006,0.0
10/11/2006,0.0
10/12/2006,0.0
10/13/2006,0.0
10/14/2006,0.0
10/15/2006,0.0
10/16/2006,0.0
10/17/2006,0.0
10/18/2006,0.0
10/19/2006,11.6
10/20/2006,2.8
10/21/2006,7.0
10/22/2006,0.0
10/23/2006,15.6
10/24/2006,0.0
10/25/2006,0.2
10/26/2006,0.0
10/27/2006,0.0
10/28/2006,0.0
10/29/2006,0.2
10/30/2006,0.0
10/31/2006,0.0
11/01/2006,0.0
11/02/2006,0.0
11/03/2006,0.0
11/04/2006,0.0
11/05/2006,0.0
11/06/2006,0.0
11/07/2006,0.0
11/08/2006,0.0
11/09/2006,0.0
11/10/2006,0.0
11/11/2006,0.0
11/12/2006,0.0
11/13/2006,0.0
11/14/2006,0.0
11/15/2006,0.2
11/16/2006,1.0
11/17/2006,10.6
11/18/2006,2.4
11/19/2006,0.0
11/20/2006,0.2
11/21/2006,2.0
11/22/2006,0.0
11/23/2006,0.2
11/24/2006,2.0
11/25/2006,3.4
11/26/2006,0.0
11/27/2006,0.0
11/28/2006,0.6
11/29/2006,0.0
11/30/2006,0.0
12/01/2006,0.0
12/02/2006,0.0
12/03/2006,2.8
12/04/2006,0.4
12/05/2006,1.8
12/06/2006,11.6
12/07/2006,2.0
12/08/2006,20.0
12/09/2006,11.6
12/10/2006,0.2
12/11/2006,0.0
12/12/2006,0.0
12/13/2006,0.0
12/14/2006,0.0
12/15/2006,0.0
12/16/2006,1.8
12/17/2006,5.8
12/18/2006,23.0
12/19/2006,0.0
12/20/2006,0.0
12/21/2006,0.2
12/22/2006,0.0
12/23/2006,0.2
12/24/2006,0.0
12/25/2006,0.2
12/26/2006,0.0
12/27/2006,0.2
12/28/2006,0.0
12/29/2006,0.0
12/30/2006,0.0
12/31/2006,0.0
01/01/2007,1.2
01/02/2007,0.2
01/03/2007,0.0
01/04/2007,0.0
01/05/2007,0.0
01/06/2007,0.0
01/07/2007,0.0
01/08/2007,1.0
01/09/2007,0.0
01/10/2007,2.6
01/11/2007,0.0
01/12/2007,0.0
01/13/2007,0.2
01/14/2007,0.0
01/15/2007,0.0
01/16/2007,1.2
01/17/2007,1.2
01/18/2007,0.0
01/19/2007,0.0
01/20/2007,0.0
01/21/2007,0.0
01/22/2007,5.4
01/23/2007,26.8
01/24/2007,0.0
01/25/2007,5.2
01/26/2007,1.0
01/27/2007,0.0
01/28/2007,0.0
01/29/2007,0.0
01/30/2007,0.0
01/31/2007,0.0
02/01/2007,0.2
02/02/2007,0.0
02/03/2007,0.2
02/04/2007,0.0
02/05/2007,0.2
02/06/2007,0.0
02/07/2007,0.2
02/08/2007,2.6
02/09/2007,0.2
02/10/2007,0.0
02/11/2007,0.0
02/12/2007,6.2
02/13/2007,0.2
02/14/2007,0.4
02/15/2007,0.0
02/16/2007,0.0
02/17/2007,0.0
02/18/2007,0.0
02/19/2007,0.0
02/20/2007,0.0
02/21/2007,0.0
02/22/2007,0.0
02/23/2007,0.0
02/24/2007,0.0
02/25/2007,3.6
02/26/2007,0.2
02/27/2007,0.0
02/28/2007,0.6
03/01/2007,0.0
03/02/2007,0.0
03/03/2007,0.0
03/04/2007,0.0
03/05/2007,0.0
03/06/2007,4.4
03/07/2007,6.4
03/08/2007,0.0
03/09/2007,0.0
03/10/2007,0.0
03/11/2007,0.0
03/12/2007,0.0
03/13/2007,0.0
03/14/2007,0.0
03/15/2007,0.0
03/16/2007,0.0
03/17/2007,0.0
03/18/2007,0.0
03/19/2007,1.0
03/20/2007,1.6
03/21/2007,0.0
03/22/2007,0.0
03/23/2007,0.0
03/24/2007,0.2
03/25/2007,4.8
03/26/2007,7.0
03/27/2007,0.4
03/28/2007,0.0
03/29/2007,0.0
03/30/2007,0.0
03/31/2007,3.0
04/01/2007,2.4
04/02/2007,0.2
04/03/2007,0.0
04/04/2007,2.2
04/05/2007,0.0
04/06/2007,0.0
04/07/2007,0.0
04/08/2007,0.0
04/09/2007,0.0
04/10/2007,0.0
04/11/2007,0.0
04/12/2007,0.0
04/13/2007,0.0
04/14/2007,0.0
04/15/2007,0.0
04/16/2007,0.0
04/17/2007,0.0
04/18/2007,0.0
04/19/2007,0.0
04/20/2007,0.0
04/21/2007,0.0
04/22/2007,0.0
04/23/2007,0.0
04/24/2007,0.0
04/25/2007,0.0
04/26/2007,0.0
04/27/2007,0.0
04/28/2007,0.0
04/29/2007,0.0
04/30/2007,2.8
05/01/2007,0.2
05/02/2007,36.6
05/03/2007,0.2
05/04/2007,37.2
05/05/2007,1.2
05/06/2007,0.0
05/07/2007,0.0
05/08/2007,0.0
05/09/2007,0.0
05/10/2007,0.0
05/11/2007,0.0
05/12/2007,0.0
05/13/2007,0.0
05/14/2007,0.0
05/15/2007,2.0
05/16/2007,0.0
05/17/2007,0.0
05/18/2007,0.0
05/19/2007,0.0
05/20/2007,0.0
05/21/2007,0.0
05/22/2007,0.0
05/23/2007,0.0
05/24/2007,0.0
05/25/2007,2.2
05/26/2007,3.4
05/27/2007,0.2
05/28/2007,17.2
05/29/2007,0.2
05/30/2007,0.0
05/31/2007,1.6
06/01/2007,24.8
06/02/2007,10.0
06/03/2007,2.2
06/04/2007,0.0
06/05/2007,1.6
06/06/2007,4.2
06/07/2007,15.6
06/08/2007,0.0
06/09/2007,0.0
06/10/2007,0.0
06/11/2007,0.0
06/12/2007,0.0
06/13/2007,2.2
06/14/2007,0.6
06/15/2007,3.6
06/16/2007,0.0
06/17/2007,0.0
06/18/2007,0.0
06/19/2007,0.0
06/20/2007,0.0
06/21/2007,0.0
06/22/2007,0.0
06/23/2007,0.0
06/24/2007,0.0
06/25/2007,0.0
06/26/2007,0.0
06/27/2007,0.0
06/28/2007,0.0
06/29/2007,0.0
06/30/2007,0.0
07/01/2007,2.6
07/02/2007,0.8
07/03/2007,0.0
07/04/2007,5.6
07/05/2007,0.0
07/06/2007,0.0
07/07/2007,0.0
07/08/2007,0.0
07/09/2007,2.2
07/10/2007,0.4
07/11/2007,0.0
07/12/2007,0.0
07/13/2007,0.0
07/14/2007,0.0
07/15/2007,0.0
07/16/2007,0.0
07/17/2007,0.0
07/18/2007,0.0
07/19/2007,0.0
07/20/2007,0.0
07/21/2007,0.0
07/22/2007,0.0
07/23/2007,0.0
07/24/2007,0.0
07/25/2007,0.0
07/26/2007,0.0
07/27/2007,0.0
07/28/2007,0.0
07/29/2007,0.0
07/30/2007,0.0
07/31/2007,0.0
08/01/2007,0.0
08/02/2007,1.2
08/03/2007,5.4
08/04/2007,0.0
08/05/2007,0.0
08/06/2007,0.0
08/07/2007,0.0
08/08/2007,21.0
08/09/2007,28.0
08/10/2007,0.0
08/11/2007,0.0
08/12/2007,0.0
08/13/2007,0.0
08/14/2007,0.0
08/15/2007,0.0
08/16/2007,0.0
08/17/2007,6.6
08/18/2007,0.0
08/19/2007,1.8
08/20/2007,19.6
08/21/2007,13.8
08/22/2007,7.2
08/23/2007,0.2
08/24/2007,0.0
08/25/2007,0.0
08/26/2007,0.0
08/27/2007,0.0
08/28/2007,0.0
08/29/2007,0.0
08/30/2007,11.0
08/31/2007,15.4
09/01/2007,0.0
09/02/2007,0.0
09/03/2007,0.0
09/04/2007,0.0
09/05/2007,0.0
09/06/2007,0.0
09/07/2007,0.0
09/08/2007,0.0
09/09/2007,0.0
09/10/2007,0.0
09/11/2007,0.0
09/12/2007,0.0
09/13/2007,0.0
09/14/2007,0.0
09/15/2007,0.0
09/16/2007,0.0
09/17/2007,54.2
09/18/2007,0.4
09/19/2007,0.0
09/20/2007,0.0
09/21/2007,0.0
09/22/2007,0.0
09/23/2007,0.0
09/24/2007,0.0
09/25/2007,0.0
09/26/2007,87.4
09/27/2007,18.8
09/28/2007,2.4
09/29/2007,0.0
09/30/2007,1.2
10/01/2007,0.0
10/02/2007,0.0
10/03/2007,0.0
10/04/2007,0.0
10/05/2007,0.0
10/06/2007,0.0
10/07/2007,0.0
10/08/2007,0.0
10/09/2007,0.0
10/10/2007,0.0
10/11/2007,0.0
10/12/2007,0.0
10/13/2007,0.0
10/14/2007,0.0
10/15/2007,0.0
10/16/2007,0.0
10/17/2007,0.0
10/18/2007,0.0
10/19/2007,0.0
10/20/2007,0.2
10/21/2007,0.0
10/22/2007,0.0
10/23/2007,0.0
10/24/2007,5.4
10/25/2007,1.0
10/26/2007,15.4
10/27/2007,0.0
10/28/2007,0.0
10/29/2007,0.0
10/30/2007,9.6
10/31/2007,1.0
11/01/2007,0.0
11/02/2007,0.0
11/03/2007,0.0
11/04/2007,0.0
11/05/2007,0.0
11/06/2007,0.0
11/07/2007,0.4
11/08/2007,0.0
11/09/2007,2.4
11/10/2007,0.0
11/11/2007,0.0
11/12/2007,0.0
11/13/2007,0.0
11/14/2007,0.0
11/15/2007,0.0
11/16/2007,0.0
11/17/2007,0.0
11/18/2007,0.0
11/19/2007,0.0
11/20/2007,0.0
11/21/2007,2.6
11/22/2007,36.6
11/23/2007,29.6
11/24/2007,7.6
11/25/2007,0.0
11/26/2007,0.0
11/27/2007,0.0
11/28/2007,0.0
11/29/2007,0.0
11/30/2007,0.0
12/01/2007,0.2
12/02/2007,0.6
12/03/2007,0.4
12/04/2007,0.0
12/05/2007,0.0
12/06/2007,0.0
12/07/2007,0.8
12/08/2007,0.0
12/09/2007,0.6
12/10/2007,0.0
12/11/2007,0.2
12/12/2007,0.0
12/13/2007,0.2
12/14/2007,0.0
12/15/2007,0.0
12/16/2007,0.0
12/17/2007,0.0
12/18/2007,0.0
12/19/2007,0.2
12/20/2007,0.0
12/21/2007,0.0
12/22/2007,0.2
12/23/2007,0.6
12/24/2007,0.2
12/25/2007,0.0
12/26/2007,0.0
12/27/2007,0.2
12/28/2007,0.2
12/29/2007,0.0
12/30/2007,0.0
12/31/2007,0.2
01/01/2008,0.2
01/02/2008,0.0
01/03/2008,1.6
01/04/2008,20.8
01/05/2008,15.6
01/06/2008,7.4
01/07/2008,0.2
01/08/2008,0.0
01/09/2008,0.0
01/10/2008,0.0
01/11/2008,9.4
01/12/2008,36.2
01/13/2008,4.2
01/14/2008,3.2
01/15/2008,6.0
01/16/2008,26.8
01/17/2008,0.2
01/18/2008,0.0
01/19/2008,0.0
01/20/2008,0.2
01/21/2008,0.0
01/22/2008,0.2
01/23/2008,0.0
01/24/2008,0.0
01/25/2008,0.0
01/26/2008,0.0
01/27/2008,0.0
01/28/2008,0.0
01/29/2008,0.0
01/30/2008,1.0
01/31/2008,0.0
02/01/2008,1.0
02/02/2008,14.0
02/03/2008,3.8
02/04/2008,27.6
02/05/2008,1.2
02/06/2008,0.0
02/07/2008,0.0
02/08/2008,0.0
02/09/2008,0.0
02/10/2008,0.0
02/11/2008,0.0
02/12/2008,0.0
02/13/2008,0.0
02/14/2008,0.0
02/15/2008,0.0
02/16/2008,0.0
02/17/2008,0.0
02/18/2008,0.0
02/19/2008,0.0
02/20/2008,0.0
02/21/2008,0.0
02/22/2008,0.0
02/23/2008,0.0
02/24/2008,0.0
02/25/2008,0.0
02/26/2008,0.0
02/27/2008,0.0
02/28/2008,0.0
02/29/2008,0.0
03/01/2008,0.0
03/02/2008,0.0
03/03/2008,0.0
03/04/2008,1.0
03/05/2008,0.2
03/06/2008,0.0
03/07/2008,0.0
03/08/2008,0.6
03/09/2008,0.4
03/10/2008,9.6
03/11/2008,0.0
03/12/2008,0.0
03/13/2008,0.0
03/14/2008,0.0
03/15/2008,0.0
03/16/2008,6.0
03/17/2008,0.2
03/18/2008,0.0
03/19/2008,0.0
03/20/2008,0.0
03/21/2008,0.0
03/22/2008,0.0
03/23/2008,2.2
03/24/2008,0.0
03/25/2008,0.0
03/26/2008,0.0
03/27/2008,0.6
03/28/2008,2.2
03/29/2008,0.0
03/30/2008,0.0
03/31/2008,0.0
04/01/2008,0.0
04/02/2008,0.0
04/03/2008,0.0
04/04/2008,0.0
04/05/2008,0.0
04/06/2008,0.0
04/07/2008,0.0
04/08/2008,0.6
04/09/2008,5.6
04/10/2008,9.4
04/11/2008,16.0
04/12/2008,0.0
04/13/2008,0.0
04/14/2008,22.8
04/15/2008,1.0
04/16/2008,0.0
04/17/2008,4.0
04/18/2008,18.2
04/19/2008,0.4
04/20/2008,2.8
04/21/2008,27.8
04/22/2008,0.0
04/23/2008,0.0
04/24/2008,0.0
04/25/2008,0.0
04/26/2008,0.0
04/27/2008,0.0
04/28/2008,0.0
04/29/2008,7.8
04/30/2008,0.4
05/01/2008,0.0
05/02/2008,0.0
05/03/2008,0.0
05/04/2008,0.0
05/05/2008,0.0
05/06/2008,0.0
05/07/2008,0.0
05/08/2008,0.0
05/09/2008,0.0
05/10/2008,0.4
05/11/2008,0.0
05/12/2008,0.0
05/13/2008,0.0
05/14/2008,0.0
05/15/2008,0.0
05/16/2008,9.8
05/17/2008,13.2
05/18/2008,79.2
05/19/2008,4.0
05/20/2008,16.2
05/21/2008,1.0
05/22/2008,12.0
05/23/2008,0.2
05/24/2008,1.2
05/25/2008,1.0
05/26/2008,1.2
05/27/2008,0.0
05/28/2008,0.0
05/29/2008,10.0
05/30/2008,5.8
05/31/2008,0.2
06/01/2008,0.0
06/02/2008,0.0
06/03/2008,0.0
06/04/2008,8.0
06/05/2008,8.2
06/06/2008,5.4
06/07/2008,0.0
06/08/2008,8.4
06/09/2008,0.0
06/10/2008,20.2
06/11/2008,0.2
06/12/2008,6.2
06/13/2008,14.0
06/14/2008,15.2
06/15/2008,3.2
06/16/2008,3.8
06/17/2008,2.0
06/18/2008,0.2
06/19/2008,0.0
06/20/2008,0.0
06/21/2008,0.0
06/22/2008,0.0
06/23/2008,0.0
06/24/2008,0.0
06/25/2008,0.0
06/26/2008,0.0
06/27/2008,0.0
06/28/2008,0.0
06/29/2008,21.8
06/30/2008,0.2
07/01/2008,6.2
07/02/2008,5.2
07/03/2008,0.0
07/04/2008,0.0
07/05/2008,0.0
07/06/2008,0.8
07/07/2008,0.0
07/08/2008,0.0
07/09/2008,0.0
07/10/2008,0.0
07/11/2008,0.0
07/12/2008,27.4
07/13/2008,1.8
07/14/2008,8.0
07/15/2008,0.0
07/16/2008,0.0
07/17/2008,0.0
07/18/2008,1.6
07/19/2008,0.0
07/20/2008,0.0
07/21/2008,0.2
07/22/2008,0.0
07/23/2008,0.0
07/24/2008,0.0
07/25/2008,0.0
07/26/2008,26.8
07/27/2008,0.0
07/28/2008,0.0
07/29/2008,0.0
07/30/2008,6.0
07/31/2008,9.6
08/01/2008,21.2
08/02/2008,0.0
08/03/2008,0.0
08/04/2008,0.0
08/05/2008,0.0
08/06/2008,4.2
08/07/2008,0.0
08/08/2008,0.0
08/09/2008,0.0
08/10/2008,0.0
08/11/2008,0.4
08/12/2008,0.2
08/13/2008,0.2
08/14/2008,0.0
08/15/2008,19.4
08/16/2008,0.0
08/17/2008,0.0
08/18/2008,0.0
08/19/2008,0.0
08/20/2008,0.0
08/21/2008,0.0
08/22/2008,0.0
08/23/2008,0.0
08/24/2008,0.0
08/25/2008,0.0
08/26/2008,0.0
08/27/2008,0.0
08/28/2008,0.0
08/29/2008,0.0
08/30/2008,0.0
08/31/2008,0.0
09/01/2008,20.4
09/02/2008,0.0
09/03/2008,0.4
09/04/2008,0.2
09/05/2008,0.0
09/06/2008,0.0
09/07/2008,0.0
09/08/2008,0.0
09/09/2008,0.0
09/10/2008,0.0
09/11/2008,0.0
09/12/2008,28.8
09/13/2008,10.8
09/14/2008,0.8
09/15/2008,0.4
09/16/2008,0.0
09/17/2008,0.0
09/18/2008,0.0
09/19/2008,0.0
09/20/2008,0.0
09/21/2008,0.0
09/22/2008,0.0
09/23/2008,0.0
09/24/2008,0.0
09/25/2008,0.0
09/26/2008,0.2
09/27/2008,0.0
09/28/2008,0.0
09/29/2008,0.0
09/30/2008,0.0
10/01/2008,0.0
10/02/2008,0.2
10/03/2008,7.8
10/04/2008,0.2
10/05/2008,0.0
10/06/2008,0.0
10/07/2008,0.0
10/08/2008,0.4
10/09/2008,0.0
10/10/2008,0.0
10/11/2008,0.0
10/12/2008,0.0
10/13/2008,0.0
10/14/2008,0.0
10/15/2008,0.0
10/16/2008,0.0
10/17/2008,0.0
10/18/2008,0.0
10/19/2008,0.0
10/20/2008,0.0
10/21/2008,0.0
10/22/2008,0.0
10/23/2008,0.0
10/24/2008,0.0
10/25/2008,0.0
10/26/2008,0.0
10/27/2008,0.0
10/28/2008,9.4
10/29/2008,18.8
10/30/2008,6.2
10/31/2008,22.0
11/01/2008,0.2
11/02/2008,0.2
11/03/2008,40.2
11/04/2008,41.0
11/05/2008,24.4
11/06/2008,0.0
11/07/2008,4.4
11/08/2008,0.0
11/09/2008,0.0
11/10/2008,0.0
11/11/2008,0.0
11/12/2008,17.8
11/13/2008,21.6
11/14/2008,0.4
11/15/2008,0.0
11/16/2008,0.0
11/17/2008,0.0
11/18/2008,0.0
11/19/2008,0.0
11/20/2008,0.0
11/21/2008,0.0
11/22/2008,0.0
11/23/2008,0.0
11/24/2008,4.0
11/25/2008,0.0
11/26/2008,0.4
11/27/2008,0.0
11/28/2008,23.2
11/29/2008,32.2
11/30/2008,6.4
12/01/2008,37.8
12/02/2008,0.4
12/03/2008,0.0
12/04/2008,0.0
12/05/2008,1.4
12/06/2008,0.0
12/07/2008,0.0
12/08/2008,0.2
12/09/2008,0.0
12/10/2008,33.8
12/11/2008,20.8
12/12/2008,11.8
12/13/2008,17.2
12/14/2008,2.4
12/15/2008,21.4
12/16/2008,31.6
12/17/2008,0.4
12/18/2008,0.0
12/19/2008,0.0
12/20/2008,0.0
12/21/2008,0.0
12/22/2008,0.0
12/23/2008,0.2
12/24/2008,0.0
12/25/2008,1.0
12/26/2008,0.4
12/27/2008,0.0
12/28/2008,0.0
12/29/2008,0.0
12/30/2008,0.0
12/31/2008,0.0
01/01/2009,4.8
01/02/2009,0.4
01/03/2009,0.0
01/04/2009,0.0
01/05/2009,0.2
01/06/2009,0.0
01/07/2009,10.2
01/08/2009,18.2
01/09/2009,4.6
01/10/2009,0.0
01/11/2009,0.2
01/12/2009,0.0
01/13/2009,0.0
01/14/2009,0.0
01/15/2009,1.0
01/16/2009,0.2
01/17/2009,0.2
01/18/2009,3.0
01/19/2009,16.0
01/20/2009,18.2
01/21/2009,0.0
01/22/2009,0.0
01/23/2009,5.8
01/24/2009,0.0
01/25/2009,0.0
01/26/2009,1.0
01/27/2009,0.6
01/28/2009,0.0
01/29/2009,0.0
01/30/2009,0.2
01/31/2009,0.0
02/01/2009,1.8
02/02/2009,41.6
02/03/2009,13.0
02/04/2009,0.2
02/05/2009,15.0
02/06/2009,27.6
02/07/2009,18.0
02/08/2009,0.6
02/09/2009,0.0
02/10/2009,1.4
02/11/2009,0.2
02/12/2009,0.0
02/13/2009,4.8
02/14/2009,0.0
02/15/2009,0.0
02/16/2009,0.0
02/17/2009,0.0
02/18/2009,0.0
02/19/2009,0.0
02/20/2009,0.0
02/21/2009,0.0
02/22/2009,0.0
02/23/2009,0.0
02/24/2009,0.0
02/25/2009,0.0
02/26/2009,0.0
02/27/2009,0.0
02/28/2009,0.0
03/01/2009,4.2
03/02/2009,1.2
03/03/2009,0.4
03/04/2009,25.0
03/05/2009,28.4
03/06/2009,8.4
03/07/2009,0.0
03/08/2009,0.0
03/09/2009,0.0
03/10/2009,0.0
03/11/2009,0.0
03/12/2009,0.0
03/13/2009,0.0
03/14/2009,0.0
03/15/2009,0.0
03/16/2009,0.0
03/17/2009,0.0
03/18/2009,0.0
03/19/2009,0.0
03/20/2009,0.0
03/21/2009,0.0
03/22/2009,0.0
03/23/2009,0.0
03/24/2009,0.0
03/25/2009,0.0
03/26/2009,0.0
03/27/2009,0.0
03/28/2009,6.6
03/29/2009,34.0
03/30/2009,1.2
03/31/2009,3.8
04/01/2009,6.2
04/02/2009,25.4
04/03/2009,0.8
04/04/2009,0.0
04/05/2009,3.0
04/06/2009,0.0
04/07/2009,0.0
04/08/2009,0.0
04/09/2009,0.0
04/10/2009,0.0
04/11/2009,0.0
04/12/2009,0.0
04/13/2009,0.0
04/14/2009,0.0
04/15/2009,0.0
04/16/2009,13.6
04/17/2009,6.0
04/18/2009,1.0
04/19/2009,6.4
04/20/2009,5.6
04/21/2009,0.0
04/22/2009,0.2
04/23/2009,0.0
04/24/2009,1.0
04/25/2009,0.0
04/26/2009,27.4
04/27/2009,49.2
04/28/2009,98.6
04/29/2009,9.6
04/30/2009,0.2
05/01/2009,0.0
05/02/2009,0.0
05/03/2009,0.0
05/04/2009,0.6
05/05/2009,0.4
05/06/2009,0.0
05/07/2009,0.0
05/08/2009,0.0
05/09/2009,0.0
05/10/2009,0.0
05/11/2009,0.0
05/12/2009,0.0
05/13/2009,0.0
05/14/2009,0.0
05/15/2009,5.2
05/16/2009,0.2
05/17/2009,0.0
05/18/2009,0.0
05/19/2009,0.0
05/20/2009,0.0
05/21/2009,0.0
05/22/2009,0.0
05/23/2009,0.0
05/24/2009,0.0
05/25/2009,0.0
05/26/2009,0.0
05/27/2009,0.0
05/28/2009,0.0
05/29/2009,0.0
05/30/2009,0.0
05/31/2009,0.0
06/01/2009,0.0
06/02/2009,0.2
06/03/2009,0.0
06/04/2009,0.0
06/05/2009,4.6
06/06/2009,0.0
06/07/2009,0.0
06/08/2009,0.4
06/09/2009,0.0
06/10/2009,0.0
06/11/2009,0.0
06/12/2009,0.0
06/13/2009,0.0
06/14/2009,0.0
06/15/2009,0.0
06/16/2009,0.0
06/17/2009,0.0
06/18/2009,0.0
06/19/2009,4.2
06/20/2009,19.8
06/21/2009,6.0
06/22/2009,0.0
06/23/2009,0.0
06/24/2009,0.0
06/25/2009,19.6
06/26/2009,7.0
06/27/2009,1.8
06/28/2009,0.0
06/29/2009,2.2
06/30/2009,0.2
07/01/2009,0.0
07/02/2009,0.0
07/03/2009,0.0
07/04/2009,0.0
07/05/2009,14.0
07/06/2009,5.6
07/07/2009,126.0
07/08/2009,0.0
07/09/2009,0.0
07/10/2009,0.0
07/11/2009,0.0
07/12/2009,0.0
07/13/2009,0.0
07/14/2009,0.0
07/15/2009,0.0
07/16/2009,0.0
07/17/2009,0.0
07/18/2009,0.2
07/19/2009,0.0
07/20/2009,0.0
07/21/2009,0.0
07/22/2009,0.0
07/23/2009,0.0
07/24/2009,11.4
07/25/2009,0.2
07/26/2009,0.0
07/27/2009,0.0
07/28/2009,0.0
07/29/2009,0.0
07/30/2009,0.0
07/31/2009,0.0
08/01/2009,0.0
08/02/2009,0.0
08/03/2009,4.6
08/04/2009,0.0
08/05/2009,0.0
08/06/2009,0.0
08/07/2009,0.0
08/08/2009,0.0
08/09/2009,0.0
08/10/2009,25.8
08/11/2009,0.0
08/12/2009,0.0
08/13/2009,0.0
08/14/2009,0.0
08/15/2009,0.0
08/16/2009,0.0
08/17/2009,0.0
08/18/2009,0.0
08/19/2009,0.0
08/20/2009,0.0
08/21/2009,0.0
08/22/2009,0.0
08/23/2009,1.2
08/24/2009,0.0
08/25/2009,0.0
08/26/2009,1.6
08/27/2009,4.0
08/28/2009,0.0
08/29/2009,0.0
08/30/2009,0.0
08/31/2009,0.0
09/01/2009,0.0
09/02/2009,0.0
09/03/2009,0.0
09/04/2009,0.0
09/05/2009,0.0
09/06/2009,0.0
09/07/2009,0.0
09/08/2009,0.0
09/09/2009,0.0
09/10/2009,0.0
09/11/2009,0.8
09/12/2009,0.4
09/13/2009,0.0
09/14/2009,11.4
09/15/2009,17.8
09/16/2009,26.0
09/17/2009,0.4
09/18/2009,0.0
09/19/2009,0.0
09/20/2009,0.0
09/21/2009,8.2
09/22/2009,0.0
09/23/2009,0.0
09/24/2009,0.0
09/25/2009,1.4
09/26/2009,4.0
09/27/2009,0.0
09/28/2009,0.0
09/29/2009,0.0
09/30/2009,0.0
10/01/2009,0.0
10/02/2009,0.0
10/03/2009,0.0
10/04/2009,0.0
10/05/2009,0.0
10/06/2009,0.0
10/07/2009,0.0
10/08/2009,0.0
10/09/2009,9.0
10/10/2009,0.2
10/11/2009,0.2
10/12/2009,0.2
10/13/2009,0.0
10/14/2009,0.0
10/15/2009,0.0
10/16/2009,0.0
10/17/2009,0.0
10/18/2009,0.0
10/19/2009,0.0
10/20/2009,0.0
10/21/2009,45.4
10/22/2009,12.6
10/23/2009,0.0
10/24/2009,0.4
10/25/2009,0.0
10/26/2009,0.0
10/27/2009,0.0
10/28/2009,0.0
10/29/2009,0.0
10/30/2009,0.0
10/31/2009,0.0
11/01/2009,0.0
11/02/2009,39.0
11/03/2009,0.0
11/04/2009,0.2
11/05/2009,5.4
11/06/2009,11.4
11/07/2009,6.2
11/08/2009,17.4
11/09/2009,3.8
11/10/2009,0.2
11/11/2009,0.0
11/12/2009,0.0
11/13/2009,0.0
11/14/2009,1.8
11/15/2009,2.4
11/16/2009,1.4
11/17/2009,0.0
11/18/2009,0.0
11/19/2009,0.0
11/20/2009,0.0
11/21/2009,0.0
11/22/2009,1.8
11/23/2009,0.0
11/24/2009,0.2
11/25/2009,0.0
11/26/2009,8.0
11/27/2009,0.2
11/28/2009,0.2
11/29/2009,21.4
11/30/2009,19.6
12/01/2009,0.2
12/02/2009,0.0
12/03/2009,3.6
12/04/2009,18.8
12/05/2009,0.2
12/06/2009,0.0
12/07/2009,10.2
12/08/2009,1.2
12/09/2009,0.0
12/10/2009,0.0
12/11/2009,0.0
12/12/2009,0.2
12/13/2009,0.0
12/14/2009,0.0
12/15/2009,0.0
12/16/2009,0.0
12/17/2009,0.8
12/18/2009,0.0
12/19/2009,0.0
12/20/2009,1.0
12/21/2009,0.0
12/22/2009,0.0
12/23/2009,26.6
12/24/2009,36.4
12/25/2009,7.2
12/26/2009,0.0
12/27/2009,0.0
12/28/2009,0.0
12/29/2009,0.2
12/30/2009,3.4
12/31/2009,0.2
01/01/2010,0.4
01/02/2010,0.0
01/03/2010,0.0
01/04/2010,0.0
01/05/2010,0.0
01/06/2010,0.0
01/07/2010,1.8
01/08/2010,25.6
01/09/2010,13.6
01/10/2010,0.4
01/11/2010,0.0
01/12/2010,0.0
01/13/2010,7.0
01/14/2010,1.4
01/15/2010,0.0
01/16/2010,0.0
01/17/2010,0.0
01/18/2010,0.0
01/19/2010,0.0
01/20/2010,0.0
01/21/2010,0.0
01/22/2010,0.0
01/23/2010,0.0
01/24/2010,0.0
01/25/2010,0.0
01/26/2010,0.2
01/27/2010,0.2
01/28/2010,0.0
01/29/2010,0.0
01/30/2010,2.6
01/31/2010,0.2
02/01/2010,0.0
02/02/2010,0.0
02/03/2010,0.0
02/04/2010,0.0
02/05/2010,36.0
02/06/2010,12.0
02/07/2010,0.0
02/08/2010,0.2
02/09/2010,0.0
02/10/2010,0.0
02/11/2010,7.4
02/12/2010,0.4
02/13/2010,0.2
02/14/2010,0.0
02/15/2010,0.6
02/16/2010,0.6
02/17/2010,10.4
02/18/2010,11.2
02/19/2010,34.6
02/20/2010,0.0
02/21/2010,1.4
02/22/2010,5.6
02/23/2010,7.6
02/24/2010,0.2
02/25/2010,4.2
02/26/2010,20.8
02/27/2010,0.2
02/28/2010,1.2
03/01/2010,0.2
03/02/2010,0.0
03/03/2010,9.4
03/04/2010,7.8
03/05/2010,3.8
03/06/2010,0.0
03/07/2010,0.0
03/08/2010,0.0
03/09/2010,0.0
03/10/2010,8.2
03/11/2010,1.0
03/12/2010,0.0
03/13/2010,0.0
03/14/2010,0.0
03/15/2010,0.0
03/16/2010,0.0
03/17/2010,0.0
03/18/2010,0.0
03/19/2010,0.0
03/20/2010,0.4
03/21/2010,3.0
03/22/2010,12.0
03/23/2010,0.6
03/24/2010,0.0
03/25/2010,0.2
03/26/2010,0.8
03/27/2010,0.0
03/28/2010,0.0
03/29/2010,0.0
03/30/2010,19.2
03/31/2010,0.4
04/01/2010,8.8
04/02/2010,0.2
04/03/2010,5.6
04/04/2010,17.4
04/05/2010,0.2
04/06/2010,0.0
04/07/2010,0.0
04/08/2010,0.0
04/09/2010,0.0
04/10/2010,0.0
04/11/2010,0.0
04/12/2010,0.2
04/13/2010,0.0
04/14/2010,0.0
04/15/2010,0.0
04/16/2010,1.0
04/17/2010,6.8
04/18/2010,2.6
04/19/2010,0.0
04/20/2010,0.0
04/21/2010,0.0
04/22/2010,0.0
04/23/2010,5.6
04/24/2010,0.4
04/25/2010,0.0
04/26/2010,12.0
04/27/2010,13.6
04/28/2010,0.0
04/29/2010,0.0
04/30/2010,0.0
05/01/2010,0.0
05/02/2010,1.6
05/03/2010,26.8
05/04/2010,37.2
05/05/2010,24.0
05/06/2010,3.0
05/07/2010,0.2
05/08/2010,0.6
05/09/2010,5.2
05/10/2010,6.8
05/11/2010,23.2
05/12/2010,3.2
05/13/2010,14.6
05/14/2010,5.0
05/15/2010,0.0
05/16/2010,0.0
05/17/2010,0.0
05/18/2010,0.0
05/19/2010,0.0
05/20/2010,0.0
05/21/2010,0.0
05/22/2010,0.0
05/23/2010,0.0
05/24/2010,0.0
05/25/2010,0.0
05/26/2010,0.0
05/27/2010,9.4
05/28/2010,0.0
05/29/2010,8.2
05/30/2010,0.2
05/31/2010,0.0
06/01/2010,0.0
06/02/2010,0.0
06/03/2010,0.0
06/04/2010,0.0
06/05/2010,0.0
06/06/2010,0.0
06/07/2010,0.0
06/08/2010,0.0
06/09/2010,0.0
06/10/2010,0.0
06/11/2010,0.0
06/12/2010,0.0
06/13/2010,0.0
06/14/2010,0.0
06/15/2010,8.4
06/16/2010,24.8
06/17/2010,23.0
06/18/2010,0.2
06/19/2010,3.8
06/20/2010,10.6
06/21/2010,0.2
06/22/2010,0.0
06/23/2010,0.0
06/24/2010,0.0
06/25/2010,0.0
06/26/2010,0.0
06/27/2010,0.0
06/28/2010,0.0
06/29/2010,0.0
06/30/2010,0.0
07/01/2010,0.0
07/02/2010,0.0
07/03/2010,0.0
07/04/2010,0.0
07/05/2010,0.0
07/06/2010,0.0
07/07/2010,0.0
07/08/2010,0.0
07/09/2010,0.0
07/10/2010,0.0
07/11/2010,24.6
07/12/2010,0.4
07/13/2010,0.2
07/14/2010,0.0
07/15/2010,0.0
07/16/2010,0.0
07/17/2010,0.0
07/18/2010,0.0
07/19/2010,0.0
07/20/2010,0.0
07/21/2010,0.0
07/22/2010,0.0
07/23/2010,3.4
07/24/2010,0.2
07/25/2010,0.0
07/26/2010,0.4
07/27/2010,1.4
07/28/2010,0.0
07/29/2010,4.4
07/30/2010,0.0
07/31/2010,0.0
08/01/2010,0.0
08/02/2010,0.0
08/03/2010,0.0
08/04/2010,0.0
08/05/2010,58.0
08/06/2010,0.2
08/07/2010,0.0
08/08/2010,0.0
08/09/2010,0.0
08/10/2010,0.0
08/11/2010,3.2
08/12/2010,28.8
08/13/2010,0.2
08/14/2010,31.8
08/15/2010,5.6
08/16/2010,0.2
08/17/2010,0.0
08/18/2010,0.0
08/19/2010,0.0
08/20/2010,0.0
08/21/2010,0.0
08/22/2010,0.0
08/23/2010,0.0
08/24/2010,0.0
08/25/2010,0.0
08/26/2010,0.0
08/27/2010,0.0
08/28/2010,0.0
08/29/2010,1.2
08/30/2010,0.0
08/31/2010,0.0
09/01/2010,0.0
09/02/2010,0.0
09/03/2010,0.0
09/04/2010,0.0
09/05/2010,0.0
09/06/2010,0.2
09/07/2010,2.6
09/08/2010,11.4
09/09/2010,0.2
09/10/2010,0.0
09/11/2010,0.0
09/12/2010,0.0
09/13/2010,0.2
09/14/2010,0.0
09/15/2010,0.0
09/16/2010,0.0
09/17/2010,0.2
09/18/2010,40.8
09/19/2010,0.0
09/20/2010,0.0
09/21/2010,0.0
09/22/2010,0.0
09/23/2010,0.0
09/24/2010,39.6
09/25/2010,18.4
09/26/2010,0.0
09/27/2010,8.4
09/28/2010,0.0
09/29/2010,0.0
09/30/2010,0.0
10/01/2010,1.8
10/02/2010,0.0
10/03/2010,0.6
10/04/2010,36.6
10/05/2010,4.6
10/06/2010,0.0
10/07/2010,0.0
10/08/2010,0.0
10/09/2010,0.0
10/10/2010,0.0
10/11/2010,0.0
10/12/2010,0.0
10/13/2010,0.0
10/14/2010,0.0
10/15/2010,0.0
10/16/2010,11.8
10/17/2010,16.0
10/18/2010,0.2
10/19/2010,0.0
10/20/2010,0.0
10/21/2010,0.0
10/22/2010,0.0
10/23/2010,0.0
10/24/2010,13.4
10/25/2010,52.8
10/26/2010,0.0
10/27/2010,0.0
10/28/2010,0.0
10/29/2010,0.0
10/30/2010,0.4
10/31/2010,46.2
11/01/2010,54.6
11/02/2010,10.8
11/03/2010,0.0
11/04/2010,0.0
11/05/2010,0.0
11/06/2010,0.0
11/07/2010,5.8
11/08/2010,0.6
11/09/2010,2.8
11/10/2010,0.8
11/11/2010,0.2
11/12/2010,0.0
11/13/2010,0.0
11/14/2010,4.8
11/15/2010,18.4
11/16/2010,35.6
11/17/2010,2.0
11/18/2010,19.2
11/19/2010,0.4
11/20/2010,7.6
11/21/2010,44.8
11/22/2010,2.4
11/23/2010,0.0
11/24/2010,0.2
11/25/2010,0.2
11/26/2010,21.0
11/27/2010,0.4
11/28/2010,12.6
11/29/2010,0.0
11/30/2010,4.2
12/01/2010,15.2
12/02/2010,0.2
12/03/2010,2.2
12/04/2010,1.6
12/05/2010,1.4
12/06/2010,12.2
12/07/2010,11.8
12/08/2010,4.8
12/09/2010,0.2
12/10/2010,0.0
12/11/2010,0.0
12/12/2010,0.0
12/13/2010,0.0
12/14/2010,0.2
12/15/2010,0.0
12/16/2010,0.0
12/17/2010,0.0
12/18/2010,2.4
12/19/2010,0.0
12/20/2010,0.2
12/21/2010,8.8
12/22/2010,19.6
12/23/2010,36.4
12/24/2010,24.8
12/25/2010,4.4
12/26/2010,10.8
12/27/2010,0.2
12/28/2010,0.0
12/29/2010,0.0
12/30/2010,0.0
12/31/2010,0.0
01/01/2011,0.0
01/02/2011,0.2
01/03/2011,0.0
01/04/2011,0.0
01/05/2011,0.0
01/06/2011,1.8
01/07/2011,6.2
01/08/2011,3.2
01/09/2011,1.8
01/10/2011,17.8
01/11/2011,1.4
01/12/2011,0.2
01/13/2011,0.0
01/14/2011,0.2
01/15/2011,0.0
01/16/2011,0.2
01/17/2011,0.0
01/18/2011,0.2
01/19/2011,0.0
01/20/2011,0.2
01/21/2011,0.0
01/22/2011,0.0
01/23/2011,0.0
01/24/2011,0.0
01/25/2011,0.0
01/26/2011,0.0
01/27/2011,0.0
01/28/2011,0.0
01/29/2011,0.0
01/30/2011,0.4
01/31/2011,0.0
02/01/2011,0.2
02/02/2011,0.0
02/03/2011,0.2
02/04/2011,0.2
02/05/2011,0.0
02/06/2011,0.0
02/07/2011,0.0
02/08/2011,0.0
02/09/2011,0.0
02/10/2011,0.0
02/11/2011,0.0
02/12/2011,0.0
02/13/2011,2.0
02/14/2011,0.0
02/15/2011,28.2
02/16/2011,31.4
02/17/2011,2.8
02/18/2011,0.2
02/19/2011,0.0
02/20/2011,2.6
02/21/2011,0.0
02/22/2011,0.2
02/23/2011,0.0
02/24/2011,0.0
02/25/2011,0.0
02/26/2011,0.0
02/27/2011,5.4
02/28/2011,9.2
03/01/2011,5.0
03/02/2011,0.2
03/03/2011,2.6
03/04/2011,1.6
03/05/2011,0.0
03/06/2011,0.0
03/07/2011,0.0
03/08/2011,0.0
03/09/2011,0.0
03/10/2011,0.0
03/11/2011,0.0
03/12/2011,0.0
03/13/2011,20.6
03/14/2011,1.4
03/15/2011,12.0
03/16/2011,49.2
03/17/2011,2.0
03/18/2011,0.0
03/19/2011,20.8
03/20/2011,0.6
03/21/2011,0.0
03/22/2011,0.0
03/23/2011,0.0
03/24/2011,0.0
03/25/2011,0.0
03/26/2011,0.0
03/27/2011,3.8
03/28/2011,0.6
03/29/2011,0.0
03/30/2011,0.0
03/31/2011,0.0
04/01/2011,0.0
04/02/2011,0.0
04/03/2011,0.0
04/04/2011,0.0
04/05/2011,0.0
04/06/2011,0.0
04/07/2011,0.0
04/08/2011,0.0
04/09/2011,0.0
04/10/2011,0.0
04/11/2011,0.0
04/12/2011,2.2
04/13/2011,0.0
04/14/2011,0.0
04/15/2011,0.2
04/16/2011,0.0
04/17/2011,0.0
04/18/2011,0.0
04/19/2011,0.0
04/20/2011,0.0
04/21/2011,0.0
04/22/2011,0.4
04/23/2011,0.2
04/24/2011,0.0
04/25/2011,0.0
04/26/2011,0.0
04/27/2011,0.0
04/28/2011,2.6
04/29/2011,4.6
04/30/2011,0.0
05/01/2011,0.0
05/02/2011,0.0
05/03/2011,0.4
05/04/2011,0.0
05/05/2011,0.0
05/06/2011,0.0
05/07/2011,0.0
05/08/2011,0.0
05/09/2011,0.0
05/10/2011,0.0
05/11/2011,0.0
05/12/2011,0.0
05/13/2011,2.0
05/14/2011,0.2
05/15/2011,3.6
05/16/2011,0.0
05/17/2011,0.0
05/18/2011,0.0
05/19/2011,0.0
05/20/2011,0.0
05/21/2011,0.0
05/22/2011,0.0
05/23/2011,0.0
05/24/2011,0.0
05/25/2011,0.0
05/26/2011,0.0
05/27/2011,39.4
05/28/2011,0.0
05/29/2011,0.0
05/30/2011,0.0
05/31/2011,0.0
06/01/2011,17.8
06/02/2011,0.0
06/03/2011,10.4
06/04/2011,8.2
06/05/2011,9.0
06/06/2011,0.2
06/07/2011,10.4
06/08/2011,9.8
06/09/2011,0.2
06/10/2011,15.2
06/11/2011,4.4
06/12/2011,0.2
06/13/2011,9.2
06/14/2011,0.0
06/15/2011,0.0
06/16/2011,0.6
06/17/2011,0.2
06/18/2011,0.4
06/19/2011,0.2
06/20/2011,0.0
06/21/2011,0.0
06/22/2011,0.0
06/23/2011,0.2
06/24/2011,0.0
06/25/2011,0.0
06/26/2011,0.0
06/27/2011,0.0
06/28/2011,0.0
06/29/2011,2.4
06/30/2011,0.2
07/01/2011,0.8
07/02/2011,1.6
07/03/2011,0.0
07/04/2011,0.0
07/05/2011,0.0
07/06/2011,0.0
07/07/2011,0.0
07/08/2011,0.0
07/09/2011,0.0
07/10/2011,16.0
07/11/2011,0.2
07/12/2011,0.0
07/13/2011,0.2
07/14/2011,0.0
07/15/2011,0.4
07/16/2011,0.0
07/17/2011,0.6
07/18/2011,0.2
07/19/2011,11.2
07/20/2011,2.2
07/21/2011,0.0
07/22/2011,0.0
07/23/2011,3.2
07/24/2011,1.4
07/25/2011,0.0
07/26/2011,0.0
07/27/2011,0.0
07/28/2011,0.0
07/29/2011,0.0
07/30/2011,0.0
07/31/2011,0.0
08/01/2011,0.0
08/02/2011,0.0
08/03/2011,0.0
08/04/2011,0.0
08/05/2011,6.8
08/06/2011,0.0
08/07/2011,5.0
08/08/2011,9.6
08/09/2011,0.0
08/10/2011,0.0
08/11/2011,0.0
08/12/2011,0.0
08/13/2011,0.0
08/14/2011,0.0
08/15/2011,0.0
08/16/2011,0.0
08/17/2011,0.0
08/18/2011,0.0
08/19/2011,0.0
08/20/2011,0.0
08/21/2011,0.0
08/22/2011,0.0
08/23/2011,0.0
08/24/2011,0.0
08/25/2011,0.0
08/26/2011,0.0
08/27/2011,0.0
08/28/2011,0.0
08/29/2011,0.0
08/30/2011,0.0
08/31/2011,0.0
09/01/2011,12.6
09/02/2011,0.0
09/03/2011,6.0
09/04/2011,37.0
09/05/2011,1.2
09/06/2011,0.0
09/07/2011,0.0
09/08/2011,0.0
09/09/2011,0.0
09/10/2011,0.0
09/11/2011,0.0
09/12/2011,0.0
09/13/2011,0.0
09/14/2011,0.0
09/15/2011,0.0
09/16/2011,0.0
09/17/2011,9.2
09/18/2011,30.2
09/19/2011,0.2
09/20/2011,0.0
09/21/2011,0.0
09/22/2011,0.0
09/23/2011,0.0
09/24/2011,0.0
09/25/2011,0.0
09/26/2011,0.0
09/27/2011,0.0
09/28/2011,0.0
09/29/2011,0.0
09/30/2011,0.0
10/01/2011,0.0
10/02/2011,0.0
10/03/2011,0.0
10/04/2011,0.0
10/05/2011,0.0
10/06/2011,0.0
10/07/2011,0.0
10/08/2011,0.0
10/09/2011,0.0
10/10/2011,0.0
10/11/2011,0.0
10/12/2011,0.0
10/13/2011,0.0
10/14/2011,0.0
10/15/2011,0.0
10/16/2011,0.0
10/17/2011,0.0
10/18/2011,0.0
10/19/2011,0.6
10/20/2011,0.2
10/21/2011,0.0
10/22/2011,0.0
10/23/2011,0.0
10/24/2011,1.0
10/25/2011,30.4
10/26/2011,0.8
10/27/2011,0.0
10/28/2011,0.0
10/29/2011,0.0
10/30/2011,0.0
10/31/2011,0.0
11/01/2011,0.0
11/02/2011,0.0
11/03/2011,1.2
11/04/2011,36.0
11/05/2011,33.8
11/06/2011,20.8
11/07/2011,23.6
11/08/2011,13.4
11/09/2011,0.0
11/10/2011,0.0
11/11/2011,0.2
11/12/2011,0.0
11/13/2011,0.0
11/14/2011,0.0
11/15/2011,0.0
11/16/2011,0.0
11/17/2011,0.0
11/18/2011,0.2
11/19/2011,0.2
11/20/2011,0.0
11/21/2011,0.0
11/22/2011,0.0
11/23/2011,0.0
11/24/2011,0.0
11/25/2011,0.0
11/26/2011,0.0
11/27/2011,0.0
11/28/2011,0.0
11/29/2011,0.0
11/30/2011,0.0
12/01/2011,0.0
12/02/2011,0.0
12/03/2011,5.0
12/04/2011,0.0
12/05/2011,0.0
12/06/2011,0.0
12/07/2011,0.0
12/08/2011,0.0
12/09/2011,0.0
12/10/2011,0.0
12/11/2011,0.0
12/12/2011,1.6
12/13/2011,0.2
12/14/2011,3.6
12/15/2011,0.0
12/16/2011,0.0
12/17/2011,0.0
12/18/2011,0.0
12/19/2011,0.0
12/20/2011,0.0
12/21/2011,0.0
12/22/2011,0.0
12/23/2011,0.0
12/24/2011,0.0
12/25/2011,0.0
12/26/2011,0.0
12/27/2011,0.0
12/28/2011,0.0
12/29/2011,0.0
12/30/2011,0.0
12/31/2011,0.0
01/01/2012,0.0
01/02/2012,19.4
01/03/2012,4.4
01/04/2012,3.0
01/05/2012,3.8
01/06/2012,3.0
01/07/2012,2.4
01/08/2012,3.0
01/09/2012,3.0
01/10/2012,3.0
01/11/2012,1.2
01/12/2012,0.0
01/13/2012,0.0
01/14/2012,0.0
01/15/2012,0.2
01/16/2012,0.0
01/17/2012,0.0
01/18/2012,0.2
01/19/2012,0.0
01/20/2012,0.0
01/21/2012,0.0
01/22/2012,0.0
01/23/2012,0.0
01/24/2012,0.2
01/25/2012,0.0
01/26/2012,0.0
01/27/2012,0.0
01/28/2012,2.4
01/29/2012,0.0
01/30/2012,0.0
01/31/2012,0.0
02/01/2012,0.2
02/02/2012,6.0
02/03/2012,2.6
02/04/2012,1.6
02/05/2012,1.2
02/06/2012,1.0
02/07/2012,0.2
02/08/2012,0.0
02/09/2012,0.0
02/10/2012,0.4
02/11/2012,0.0
02/12/2012,0.0
02/13/2012,0.0
02/14/2012,0.0
02/15/2012,0.0
02/16/2012,0.0
02/17/2012,0.0
02/18/2012,0.0
02/19/2012,0.0
02/20/2012,5.8
02/21/2012,0.0
02/22/2012,0.0
02/23/2012,0.0
02/24/2012,0.0
02/25/2012,0.0
02/26/2012,0.0
02/27/2012,0.0
02/28/2012,0.0
02/29/2012,0.0
03/01/2012,0.0
03/02/2012,0.0
03/03/2012,0.0
03/04/2012,0.6
03/05/2012,9.4
03/06/2012,0.8
03/07/2012,0.0
03/08/2012,0.0
03/09/2012,0.0
03/10/2012,0.0
03/11/2012,0.0
03/12/2012,0.0
03/13/2012,0.0
03/14/2012,0.0
03/15/2012,0.0
03/16/2012,0.0
03/17/2012,0.0
03/18/2012,0.0
03/19/2012,0.6
03/20/2012,0.0
03/21/2012,0.0
03/22/2012,0.0
03/23/2012,0.0
03/24/2012,0.0
03/25/2012,0.0
03/26/2012,0.0
03/27/2012,0.0
03/28/2012,0.0
03/29/2012,0.0
03/30/2012,0.0
03/31/2012,0.0
04/01/2012,0.0
04/02/2012,0.0
04/03/2012,0.0
04/04/2012,1.6
04/05/2012,9.8
04/06/2012,0.2
04/07/2012,2.8
04/08/2012,0.2
04/09/2012,0.0
04/10/2012,10.0
04/11/2012,39.6
04/12/2012,0.6
04/13/2012,3.2
04/14/2012,2.0
04/15/2012,13.0
04/16/2012,2.4
04/17/2012,0.2
04/18/2012,10.0
04/19/2012,11.4
04/20/2012,4.6
04/21/2012,0.0
04/22/2012,0.2
04/23/2012,1.8
04/24/2012,35.4
04/25/2012,0.0
04/26/2012,0.0
04/27/2012,0.0
04/28/2012,0.0
04/29/2012,2.2
04/30/2012,8.6
05/01/2012,19.2
05/02/2012,0.0
05/03/2012,0.0
05/04/2012,0.0
05/05/2012,36.0
05/06/2012,14.8
05/07/2012,0.0
05/08/2012,0.0
05/09/2012,0.0
05/10/2012,0.0
05/11/2012,0.0
05/12/2012,0.0
05/13/2012,0.0
05/14/2012,0.0
05/15/2012,0.0
05/16/2012,0.0
05/17/2012,0.0
05/18/2012,0.0
05/19/2012,0.0
05/20/2012,19.8
05/21/2012,50.4
05/22/2012,0.0
05/23/2012,0.0
05/24/2012,0.0
05/25/2012,0.0
05/26/2012,0.0
05/27/2012,0.0
05/28/2012,0.0
05/29/2012,0.0
05/30/2012,0.0
05/31/2012,0.0
06/01/2012,0.0
06/02/2012,0.0
06/03/2012,0.0
06/04/2012,43.6
06/05/2012,0.0
06/06/2012,0.0
06/07/2012,0.0
06/08/2012,2.8
06/09/2012,37.8
06/10/2012,6.6
06/11/2012,4.8
06/12/2012,34.0
06/13/2012,0.0
06/14/2012,0.0
06/15/2012,0.0
06/16/2012,0.0
06/17/2012,0.0
06/18/2012,0.0
06/19/2012,0.0
06/20/2012,0.0
06/21/2012,0.0
06/22/2012,0.0
06/23/2012,0.0
06/24/2012,0.0
06/25/2012,0.0
06/26/2012,0.0
06/27/2012,0.0
06/28/2012,0.0
06/29/2012,0.0
06/30/2012,0.0
07/01/2012,0.0
07/02/2012,0.6
07/03/2012,0.0
07/04/2012,6.0
07/05/2012,0.0
07/06/2012,4.0
07/07/2012,0.0
07/08/2012,0.0
07/09/2012,0.0
07/10/2012,0.0
07/11/2012,0.0
07/12/2012,0.0
07/13/2012,0.0
07/14/2012,0.0
07/15/2012,0.0
07/16/2012,0.0
07/17/2012,0.0
07/18/2012,0.0
07/19/2012,0.0
07/20/2012,0.0
07/21/2012,18.6
07/22/2012,0.0
07/23/2012,0.0
07/24/2012,0.0
07/25/2012,7.0
07/26/2012,0.0
07/27/2012,0.0
07/28/2012,0.2
07/29/2012,0.0
07/30/2012,0.0
07/31/2012,0.0
08/01/2012,0.0
08/02/2012,0.0
08/03/2012,0.0
08/04/2012,0.0
08/05/2012,0.0
08/06/2012,0.0
08/07/2012,0.0
08/08/2012,0.0
08/09/2012,0.0
08/10/2012,0.0
08/11/2012,0.0
08/12/2012,0.0
08/13/2012,0.0
08/14/2012,0.0
08/15/2012,0.0
08/16/2012,0.0
08/17/2012,0.0
08/18/2012,0.0
08/19/2012,0.0
08/20/2012,0.0
08/21/2012,0.0
08/22/2012,0.0
08/23/2012,0.0
08/24/2012,0.0
08/25/2012,1.6
08/26/2012,0.0
08/27/2012,0.0
08/28/2012,0.0
08/29/2012,0.0
08/30/2012,18.4
08/31/2012,38.0
09/01/2012,22.6
09/02/2012,0.4
09/03/2012,6.2
09/04/2012,11.4
09/05/2012,0.4
09/06/2012,0.0
09/07/2012,0.0
09/08/2012,0.0
09/09/2012,0.0
09/10/2012,0.0
09/11/2012,0.0
09/12/2012,24.0
09/13/2012,0.0
09/14/2012,0.0
09/15/2012,0.0
09/16/2012,0.0
09/17/2012,0.0
09/18/2012,0.0
09/19/2012,16.8
09/20/2012,0.0
09/21/2012,0.0
09/22/2012,0.0
09/23/2012,0.0
09/24/2012,20.4
09/25/2012,0.2
09/26/2012,9.4
09/27/2012,0.6
09/28/2012,0.0
09/29/2012,14.2
09/30/2012,21.2
10/01/2012,2.0
10/02/2012,0.2
10/03/2012,0.0
10/04/2012,0.0
10/05/2012,0.0
10/06/2012,0.0
10/07/2012,0.0
10/08/2012,0.0
10/09/2012,0.2
10/10/2012,0.0
10/11/2012,0.2
10/12/2012,0.0
10/13/2012,0.0
10/14/2012,1.4
10/15/2012,19.6
10/16/2012,0.0
10/17/2012,0.0
10/18/2012,0.0
10/19/2012,0.0
10/20/2012,0.0
10/21/2012,0.0
10/22/2012,0.0
10/23/2012,0.0
10/24/2012,0.4
10/25/2012,0.0
10/26/2012,21.0
10/27/2012,3.6
10/28/2012,6.0
10/29/2012,0.0
10/30/2012,0.2
10/31/2012,16.2
11/01/2012,13.6
11/02/2012,0.0
11/03/2012,4.2
11/04/2012,35.8
11/05/2012,1.8
11/06/2012,0.2
11/07/2012,0.0
11/08/2012,0.2
11/09/2012,0.0
11/10/2012,40.2
11/11/2012,21.0
11/12/2012,0.2
11/13/2012,0.0
11/14/2012,0.0
11/15/2012,0.0
11/16/2012,0.0
11/17/2012,0.0
11/18/2012,0.0
11/19/2012,0.0
11/20/2012,0.0
11/21/2012,0.0
11/22/2012,0.0
11/23/2012,0.0
11/24/2012,0.0
11/25/2012,1.0
11/26/2012,10.6
11/27/2012,12.4
11/28/2012,35.4
11/29/2012,1.4
11/30/2012,0.4
12/01/2012,7.4
12/02/2012,0.2
12/03/2012,0.0
12/04/2012,0.0
12/05/2012,0.0
12/06/2012,0.0
12/07/2012,0.0
12/08/2012,3.6
12/09/2012,0.4
12/10/2012,0.2
12/11/2012,0.0
12/12/2012,0.0
12/13/2012,0.0
12/14/2012,0.8
12/15/2012,14.2
12/16/2012,15.4
12/17/2012,5.2
12/18/2012,0.0
12/19/2012,0.0
12/20/2012,0.6
12/21/2012,0.2
12/22/2012,0.2
12/23/2012,0.0
12/24/2012,1.4
12/25/2012,7.0
12/26/2012,8.0
12/27/2012,0.0
12/28/2012,0.0
12/29/2012,0.0
12/30/2012,0.0
12/31/2012,0.2
01/01/2013,4.2
01/02/2013,7.2
01/03/2013,0.2
01/04/2013,0.0
01/05/2013,0.0
01/06/2013,0.0
01/07/2013,0.0
01/08/2013,0.2
01/09/2013,0.0
01/10/2013,0.0
01/11/2013,0.0
01/12/2013,0.0
01/13/2013,3.0
01/14/2013,1.6
01/15/2013,12.2
01/16/2013,9.4
01/17/2013,0.2
01/18/2013,0.0
01/19/2013,1.6
01/20/2013,15.4
01/21/2013,2.6
01/22/2013,1.4
01/23/2013,3.0
01/24/2013,0.0
01/25/2013,0.2
01/26/2013,0.0
01/27/2013,0.0
01/28/2013,12.4
01/29/2013,0.0
01/30/2013,0.2
01/31/2013,0.0
02/01/2013,0.0
02/02/2013,5.0
02/03/2013,0.0
02/04/2013,0.0
02/05/2013,0.0
02/06/2013,0.0
02/07/2013,0.0
02/08/2013,0.0
02/09/2013,0.0
02/10/2013,0.0
02/11/2013,1.6
02/12/2013,12.0
02/13/2013,0.2
02/14/2013,0.0
02/15/2013,0.0
02/16/2013,0.0
02/17/2013,0.0
02/18/2013,0.0
02/19/2013,0.0
02/20/2013,0.0
02/21/2013,6.8
02/22/2013,2.4
02/23/2013,1.4
02/24/2013,11.6
02/25/2013,9.2
02/26/2013,0.6
02/27/2013,0.2
02/28/2013,0.0
03/01/2013,0.0
03/02/2013,0.0
03/03/2013,0.0
03/04/2013,0.0
03/05/2013,0.0
03/06/2013,15.6
03/07/2013,14.4
03/08/2013,12.2
03/09/2013,3.0
03/10/2013,0.0
03/11/2013,0.0
03/12/2013,18.8
03/13/2013,1.8
03/14/2013,0.0
03/15/2013,0.0
03/16/2013,0.0
03/17/2013,9.6
03/18/2013,32.4
03/19/2013,0.0
03/20/2013,7.2
03/21/2013,0.2
03/22/2013,0.0
03/23/2013,0.8
03/24/2013,38.8
03/25/2013,2.6
03/26/2013,0.0
03/27/2013,0.0
03/28/2013,10.2
03/29/2013,0.2
03/30/2013,24.4
03/31/2013,2.0
04/01/2013,0.0
04/02/2013,0.0
04/03/2013,0.0
04/04/2013,4.4
04/05/2013,16.2
04/06/2013,0.2
04/07/2013,0.4
04/08/2013,6.2
04/09/2013,1.6
04/10/2013,0.2
04/11/2013,0.0
04/12/2013,2.6
04/13/2013,0.0
04/14/2013,0.0
04/15/2013,0.0
04/16/2013,0.0
04/17/2013,0.0
04/18/2013,0.0
04/19/2013,4.4
04/20/2013,45.8
04/21/2013,13.0
04/22/2013,7.4
04/23/2013,2.4
04/24/2013,0.0
04/25/2013,0.0
04/26/2013,0.8
04/27/2013,9.8
04/28/2013,30.2
04/29/2013,22.2
04/30/2013,2.8
05/01/2013,0.4
05/02/2013,0.0
05/03/2013,0.0
05/04/2013,0.0
05/05/2013,6.6
05/06/2013,2.8
05/07/2013,0.6
05/08/2013,0.0
05/09/2013,0.0
05/10/2013,16.0
05/11/2013,0.8
05/12/2013,0.0
05/13/2013,0.0
05/14/2013,0.0
05/15/2013,2.6
05/16/2013,29.2
05/17/2013,14.8
05/18/2013,17.2
05/19/2013,15.0
05/20/2013,0.4
05/21/2013,0.0
05/22/2013,1.6
05/23/2013,4.6
05/24/2013,42.0
05/25/2013,8.4
05/26/2013,0.0
05/27/2013,0.0
05/28/2013,0.0
05/29/2013,22.8
05/30/2013,0.2
05/31/2013,0.0
06/01/2013,0.0
06/02/2013,0.8
06/03/2013,2.4
06/04/2013,0.0
06/05/2013,2.0
06/06/2013,0.2
06/07/2013,1.8
06/08/2013,0.0
06/09/2013,38.8
06/10/2013,0.2
06/11/2013,0.0
06/12/2013,0.0
06/13/2013,0.0
06/14/2013,0.0
06/15/2013,0.0
06/16/2013,0.0
06/17/2013,0.0
06/18/2013,0.0
06/19/2013,0.0
06/20/2013,0.0
06/21/2013,0.0
06/22/2013,0.0
06/23/2013,0.0
06/24/2013,0.0
06/25/2013,0.0
06/26/2013,0.0
06/27/2013,13.4
06/28/2013,0.0
06/29/2013,0.0
06/30/2013,0.0
07/01/2013,0.0
07/02/2013,0.0
07/03/2013,0.0
07/04/2013,0.0
07/05/2013,0.0
07/06/2013,0.0
07/07/2013,0.0
07/08/2013,0.0
07/09/2013,0.0
07/10/2013,0.4
07/11/2013,0.0
07/12/2013,0.0
07/13/2013,5.6
07/14/2013,0.0
07/15/2013,0.0
07/16/2013,0.0
07/17/2013,0.0
07/18/2013,0.0
07/19/2013,0.0
07/20/2013,0.0
07/21/2013,0.0
07/22/2013,0.0
07/23/2013,0.0
07/24/2013,0.0
07/25/2013,0.0
07/26/2013,0.0
07/27/2013,0.0
07/28/2013,0.0
07/29/2013,9.6
07/30/2013,0.0
07/31/2013,0.0
08/01/2013,0.0
08/02/2013,0.0
08/03/2013,0.0
08/04/2013,0.0
08/05/2013,0.0
08/06/2013,0.0
08/07/2013,0.0
08/08/2013,2.6
08/09/2013,0.0
08/10/2013,0.0
08/11/2013,0.0
08/12/2013,0.0
08/13/2013,0.0
08/14/2013,0.0
08/15/2013,0.0
08/16/2013,0.0
08/17/2013,0.0
08/18/2013,0.0
08/19/2013,0.6
08/20/2013,0.0
08/21/2013,0.0
08/22/2013,0.0
08/23/2013,0.0
08/24/2013,32.2
08/25/2013,2.0
08/26/2013,15.8
08/27/2013,2.4
08/28/2013,0.0
08/29/2013,3.8
08/30/2013,0.0
08/31/2013,0.0
09/01/2013,2.6
09/02/2013,0.0
09/03/2013,0.0
09/04/2013,0.0
09/05/2013,0.0
09/06/2013,0.0
09/07/2013,0.0
09/08/2013,2.4
09/09/2013,0.0
09/10/2013,18.8
09/11/2013,0.4
09/12/2013,0.0
09/13/2013,0.0
09/14/2013,0.0
09/15/2013,14.0
09/16/2013,3.8
09/17/2013,23.8
09/18/2013,0.0
09/19/2013,0.0
09/20/2013,0.0
09/21/2013,0.0
09/22/2013,0.0
09/23/2013,0.0
09/24/2013,0.0
09/25/2013,0.0
09/26/2013,0.0
09/27/2013,0.0
09/28/2013,0.0
09/29/2013,2.8
09/30/2013,0.2
10/01/2013,0.0
10/02/2013,0.0
10/03/2013,0.0
10/04/2013,0.0
10/05/2013,9.0
10/06/2013,7.4
10/07/2013,5.8
10/08/2013,0.8
10/09/2013,0.0
10/10/2013,23.2
10/11/2013,0.6
10/12/2013,5.2
10/13/2013,0.0
10/14/2013,0.0
10/15/2013,0.0
10/16/2013,0.0
10/17/2013,0.0
10/18/2013,0.0
10/19/2013,0.0
10/20/2013,0.8
10/21/2013,0.2
10/22/2013,2.6
10/23/2013,37.0
10/24/2013,10.2
10/25/2013,0.0
10/26/2013,0.0
10/27/2013,0.0
10/28/2013,0.0
10/29/2013,2.6
10/30/2013,14.8
10/31/2013,0.4
11/01/2013,0.2
11/02/2013,0.0
11/03/2013,7.4
11/04/2013,8.2
11/05/2013,0.2
11/06/2013,0.0
11/07/2013,0.0
11/08/2013,3.2
11/09/2013,1.8
11/10/2013,0.2
11/11/2013,0.0
11/12/2013,0.0
11/13/2013,0.0
11/14/2013,12.6
11/15/2013,39.4
11/16/2013,0.0
11/17/2013,0.4
11/18/2013,3.0
11/19/2013,18.6
11/20/2013,5.4
11/21/2013,2.0
11/22/2013,3.4
11/23/2013,0.8
11/24/2013,0.2
11/25/2013,0.2
11/26/2013,0.0
11/27/2013,0.0
11/28/2013,0.0
11/29/2013,0.0
11/30/2013,5.0
12/01/2013,0.2
12/02/2013,0.0
12/03/2013,0.2
12/04/2013,0.0
12/05/2013,0.2
12/06/2013,0.0
12/07/2013,0.0
12/08/2013,0.2
12/09/2013,0.0
12/10/2013,0.2
12/11/2013,0.2
12/12/2013,0.2
12/13/2013,0.2
12/14/2013,0.0
12/15/2013,0.2
12/16/2013,0.2
12/17/2013,0.2
12/18/2013,0.0
12/19/2013,23.6
12/20/2013,13.4
12/21/2013,2.8
12/22/2013,3.6
12/23/2013,1.0
12/24/2013,10.6
12/25/2013,16.6
12/26/2013,26.8
12/27/2013,0.2
12/28/2013,5.6
12/29/2013,5.0
12/30/2013,0.2
12/31/2013,0.0
